Region,Country,ISO,N,Est,LI,UI,Date,Notes
South Asia,Afghanistan,AF,NA,NA,NA,NA,2006,
South Asia,Afghanistan,AF,83,0.06,NA,NA,2011,
South Asia,Afghanistan,AF,332,0.032,NA,NA,2006,
South Asia,Afghanistan,AF,96,0.00001,NA,NA,2006,
South Asia,Afghanistan,AF,187,0.00001,NA,NA,2006,
South Asia,Afghanistan,AF,483,0.021,0.01,0.038,2008,
South Asia,Afghanistan,AF,158,0.184,NA,NA,2009,
South Asia,Afghanistan,AF,288,0.031,NA,NA,2009,
South Asia,Afghanistan,AF,102,0.01,NA,NA,2009,
South Asia,Afghanistan,AF,369,0.024,NA,NA,2012,
South Asia,Afghanistan,AF,185,0.133,NA,NA,2012,
South Asia,Afghanistan,AF,254,0.003,NA,NA,2012,
South Asia,Afghanistan,AF,236,0.01,NA,NA,2012,
South Asia,Afghanistan,AF,117,0.009,NA,NA,2012,
South Asia,Afghanistan,AF,31,0.00001,NA,NA,2006,
South Asia,Afghanistan,AF,45,0.00001,NA,NA,2006,
South Asia,Afghanistan,AF,96,1.00E-06,NA,NA,2010,
South Asia,Afghanistan,AF,187,1.00E-06,NA,NA,2010,
South Asia,Afghanistan,AF,31,1.00E-06,NA,NA,2008,
South Asia,Afghanistan,AF,45,1.00E-06,NA,NA,2008,
Western Europe,Albania,AL,NA,NA,NA,NA,2008,
Western Europe,Albania,AL,200,0.005,NA,NA,2011,
Middle East and North Africa,Algeria,DZ,95,0.011,NA,NA,2014,
Eastern Europe,Armenia,AM,263,0.107,0.058,0.167,2010,
Eastern Europe,Armenia,AM,40,0.00001,0.00001,0.00001,2010,
Eastern Europe,Armenia,AM,40,0.089,0.00001,0.393,2010,
Eastern Europe,Armenia,AM,NA,NA,NA,NA,2010,
Eastern Europe,Armenia,AM,300,0.08,0.038,0.112,2012,
Eastern Europe,Armenia,AM,50,0.023,0.00001,0.039,2012,
Eastern Europe,Armenia,AM,50,0.042,0.00001,0.122,2012,
Eastern Europe,Armenia,AM,40,1.00E-06,1.00E-06,1.00E-06,2011,
Australasia,Australia,AU,NA,NA,NA,NA,2008,
Australasia,Australia,AU,208,0.04,NA,NA,2005,
Australasia,Australia,AU,352,0.01,NA,NA,2006,
Australasia,Australia,AU,2170,0.015,NA,NA,2008,
Australasia,Australia,AU,2657,0.012,NA,NA,2009,
Australasia,Australia,AU,2352,0.01,NA,NA,2010,
Australasia,Australia,AU,2337,0.012,NA,NA,2011,
Australasia,Australia,AU,2279,0.012,NA,NA,2012,
Australasia,Australia,AU,2307,0.021,NA,NA,2013,
Australasia,Australia,AU,2273,0.017,NA,NA,2014,
Australasia,Australia,AU,26,0.00001,NA,NA,2008,
Australasia,Australia,AU,58,0.00001,NA,NA,2009,
Australasia,Australia,AU,97,0.00001,NA,NA,2010,
Australasia,Australia,AU,95,0.00001,NA,NA,2011,
Australasia,Australia,AU,78,0.00001,NA,NA,2012,
Australasia,Australia,AU,100,0.00001,NA,NA,2013,
Australasia,Australia,AU,96,0.00001,NA,NA,2014,
Australasia,Australia,AU,860,0.021,NA,NA,2008,
Australasia,Australia,AU,816,0.016,NA,NA,2009,
Australasia,Australia,AU,671,0.012,NA,NA,2010,
Australasia,Australia,AU,682,0.01,NA,NA,2011,
Australasia,Australia,AU,697,0.012,NA,NA,2012,
Australasia,Australia,AU,665,0.032,NA,NA,2013,
Australasia,Australia,AU,714,0.025,NA,NA,2014,
Australasia,Australia,AU,70,0.00001,NA,NA,2014,
Australasia,Australia,AU,66,0.03,NA,NA,2013,
Australasia,Australia,AU,46,0.022,NA,NA,2012,
Australasia,Australia,AU,68,0.015,NA,NA,2011,
Australasia,Australia,AU,76,0.00001,NA,NA,2009,
Australasia,Australia,AU,73,0.014,NA,NA,2008,
Australasia,Australia,AU,498,0.018,NA,NA,2008,
Australasia,Australia,AU,795,0.013,NA,NA,2009,
Australasia,Australia,AU,535,0.021,NA,NA,2010,
Australasia,Australia,AU,528,0.015,NA,NA,2011,
Australasia,Australia,AU,570,0.016,NA,NA,2012,
Australasia,Australia,AU,533,0.013,NA,NA,2013,
Australasia,Australia,AU,481,0.023,NA,NA,2014,
Australasia,Australia,AU,189,0.00001,NA,NA,2008,
Australasia,Australia,AU,246,0.012,NA,NA,2009,
Australasia,Australia,AU,214,0.005,NA,NA,2010,
Australasia,Australia,AU,207,0.024,NA,NA,2011,
Australasia,Australia,AU,197,0.031,NA,NA,2012,
Australasia,Australia,AU,229,0.031,NA,NA,2013,
Australasia,Australia,AU,220,0.009,NA,NA,2014,
Australasia,Australia,AU,57,0.00001,NA,NA,2008,
Australasia,Australia,AU,121,0.00001,NA,NA,2009,
Australasia,Australia,AU,106,0.00001,NA,NA,2010,
Australasia,Australia,AU,68,0.00001,NA,NA,2011,
Australasia,Australia,AU,74,0.00001,NA,NA,2012,
Australasia,Australia,AU,69,0.00001,NA,NA,2013,
Australasia,Australia,AU,63,0.00001,NA,NA,2014,
Australasia,Australia,AU,292,0.007,NA,NA,2008,
Australasia,Australia,AU,333,0.009,NA,NA,2009,
Australasia,Australia,AU,438,0.005,NA,NA,2010,
Australasia,Australia,AU,499,0.008,NA,NA,2011,
Australasia,Australia,AU,433,0.002,NA,NA,2012,
Australasia,Australia,AU,446,0.013,NA,NA,2013,
Australasia,Australia,AU,421,0.017,NA,NA,2014,
Australasia,Australia,AU,168,0.012,NA,NA,2008,
Australasia,Australia,AU,212,0.009,NA,NA,2009,
Australasia,Australia,AU,213,0.005,NA,NA,2010,
Australasia,Australia,AU,190,0.021,NA,NA,2011,
Australasia,Australia,AU,184,0.016,NA,NA,2012,
Australasia,Australia,AU,199,0.025,NA,NA,2013,
Australasia,Australia,AU,208,0.005,NA,NA,2014,
Australasia,Australia,AU,376,0.005,NA,NA,2010,
Australasia,Australia,AU,26,1.00E-06,NA,NA,2015,
Australasia,Australia,AU,58,1.00E-06,NA,NA,2015,
Australasia,Australia,AU,97,1.00E-06,NA,NA,2015,
Australasia,Australia,AU,95,1.00E-06,NA,NA,2015,
Australasia,Australia,AU,78,1.00E-06,NA,NA,2015,
Australasia,Australia,AU,100,1.00E-06,NA,NA,2015,
Australasia,Australia,AU,96,1.00E-06,NA,NA,2015,
Australasia,Australia,AU,70,1.00E-06,NA,NA,2015,
Australasia,Australia,AU,76,1.00E-06,NA,NA,2015,
Australasia,Australia,AU,189,1.00E-06,NA,NA,2015,
Australasia,Australia,AU,57,1.00E-06,NA,NA,2015,
Australasia,Australia,AU,121,1.00E-06,NA,NA,2015,
Australasia,Australia,AU,106,1.00E-06,NA,NA,2015,
Australasia,Australia,AU,68,1.00E-06,NA,NA,2015,
Australasia,Australia,AU,74,1.00E-06,NA,NA,2015,
Australasia,Australia,AU,69,1.00E-06,NA,NA,2015,
Australasia,Australia,AU,63,1.00E-06,NA,NA,2015,
Western Europe,Austria,AT,NA,NA,NA,NA,2012,
Western Europe,Austria,AT,82,0.00001,NA,NA,2014,
Western Europe,Austria,AT,85,0.00001,NA,NA,2013,
Western Europe,Austria,AT,100,0.00001,NA,NA,2012,
Western Europe,Austria,AT,115,0.00001,NA,NA,2011,
Western Europe,Austria,AT,111,0.00001,NA,NA,2010,
Western Europe,Austria,AT,204,0.0147,NA,NA,2012,
Western Europe,Austria,AT,256,0.0039,NA,NA,2011,
Western Europe,Austria,AT,411,0.0073,NA,NA,2010,
Western Europe,Austria,AT,59,0.00001,NA,NA,2014,
Western Europe,Austria,AT,100,0.01,NA,NA,2013,
Western Europe,Austria,AT,57,0.00001,NA,NA,2011,
Western Europe,Austria,AT,58,0.00001,NA,NA,2010,
Western Europe,Austria,AT,145,0.0069,NA,NA,2013,
Western Europe,Austria,AT,176,0.0227,NA,NA,2011,
Western Europe,Austria,AT,191,0.00001,NA,NA,2014,
Western Europe,Austria,AT,125,0.008,NA,NA,2010,
Western Europe,Austria,AT,142,0.0493,NA,NA,2012,
Western Europe,Austria,AT,82,1.00E-06,NA,NA,2016,
Western Europe,Austria,AT,85,1.00E-06,NA,NA,2016,
Western Europe,Austria,AT,100,1.00E-06,NA,NA,2016,
Western Europe,Austria,AT,115,1.00E-06,NA,NA,2016,
Western Europe,Austria,AT,111,1.00E-06,NA,NA,2016,
Western Europe,Austria,AT,59,1.00E-06,NA,NA,2016,
Western Europe,Austria,AT,57,1.00E-06,NA,NA,2016,
Western Europe,Austria,AT,58,1.00E-06,NA,NA,2016,
Western Europe,Austria,AT,191,1.00E-06,NA,NA,2016,
Eastern Europe,Azerbaijan,AZ,300,0.047,NA,NA,2012,
Eastern Europe,Azerbaijan,AZ,150,0.133,NA,NA,2012,
Eastern Europe,Azerbaijan,AZ,150,0.1,NA,NA,2012,
Eastern Europe,Azerbaijan,AZ,150,NA,NA,NA,2012,
Eastern Europe,Azerbaijan,AZ,150,0.167,NA,NA,2012,
Eastern Europe,Azerbaijan,AZ,150,0.02,NA,NA,2012,
Eastern Europe,Azerbaijan,AZ,150,0.12,NA,NA,2012,
Eastern Europe,Azerbaijan,AZ,200,0.075,NA,NA,2008,
Eastern Europe,Azerbaijan,AZ,150,0.067,NA,NA,2008,
Eastern Europe,Azerbaijan,AZ,150,0.013,NA,NA,2008,
Eastern Europe,Azerbaijan,AZ,150,0.093,NA,NA,2008,
Eastern Europe,Azerbaijan,AZ,150,0.053,NA,NA,2008,
Eastern Europe,Azerbaijan,AZ,100,0.21,NA,NA,2008,
Eastern Europe,Azerbaijan,AZ,100,0.33,NA,NA,2008,
Eastern Europe,Azerbaijan,AZ,NA,NA,NA,NA,2012,
Middle East and North Africa,Bahrain,BH,151,0.046,NA,NA,2010,
South Asia,Bangladesh,BD,561,0.059,NA,NA,2002,
South Asia,Bangladesh,BD,4216,0.019,NA,NA,2006,
South Asia,Bangladesh,BD,1243,0.053,NA,NA,2011,
South Asia,Bangladesh,BD,375,0.00001,NA,NA,2011,
South Asia,Bangladesh,BD,261,0.015,NA,NA,2011,
South Asia,Bangladesh,BD,149,0.00001,NA,NA,2011,
South Asia,Bangladesh,BD,101,0.00001,NA,NA,2011,
South Asia,Bangladesh,BD,115,0.00001,NA,NA,2011,
South Asia,Bangladesh,BD,96,0.00001,NA,NA,2011,
South Asia,Bangladesh,BD,401,0.00001,NA,NA,2011,
South Asia,Bangladesh,BD,220,0.00001,NA,NA,2011,
South Asia,Bangladesh,BD,92,0.00001,NA,NA,2011,
South Asia,Bangladesh,BD,124,0.00001,NA,NA,2011,
South Asia,Bangladesh,BD,103,0.00001,NA,NA,2011,
South Asia,Bangladesh,BD,382,0.00001,NA,NA,2011,
South Asia,Bangladesh,BD,57,0.00001,NA,NA,2011,
South Asia,Bangladesh,BD,344,0.00001,NA,NA,2011,
South Asia,Bangladesh,BD,138,0.00001,NA,NA,2011,
South Asia,Bangladesh,BD,385,0.00001,NA,NA,2011,
South Asia,Bangladesh,BD,190,0.00001,NA,NA,2011,
South Asia,Bangladesh,BD,285,0.004,NA,NA,2011,
South Asia,Bangladesh,BD,79,0.00001,NA,NA,2011,
South Asia,Bangladesh,BD,404,0.00001,NA,NA,2011,
South Asia,Bangladesh,BD,NA,NA,NA,NA,2016,
South Asia,Bangladesh,BD,375,1.00E-06,NA,NA,2011,
South Asia,Bangladesh,BD,149,1.00E-06,NA,NA,2011,
South Asia,Bangladesh,BD,101,1.00E-06,NA,NA,2011,
South Asia,Bangladesh,BD,115,1.00E-06,NA,NA,2011,
South Asia,Bangladesh,BD,96,1.00E-06,NA,NA,2011,
South Asia,Bangladesh,BD,401,1.00E-06,NA,NA,2011,
South Asia,Bangladesh,BD,220,1.00E-06,NA,NA,2011,
South Asia,Bangladesh,BD,92,1.00E-06,NA,NA,2011,
South Asia,Bangladesh,BD,124,1.00E-06,NA,NA,2011,
South Asia,Bangladesh,BD,103,1.00E-06,NA,NA,2011,
South Asia,Bangladesh,BD,382,1.00E-06,NA,NA,2011,
South Asia,Bangladesh,BD,57,1.00E-06,NA,NA,2011,
South Asia,Bangladesh,BD,344,1.00E-06,NA,NA,2011,
South Asia,Bangladesh,BD,138,1.00E-06,NA,NA,2011,
South Asia,Bangladesh,BD,385,1.00E-06,NA,NA,2011,
South Asia,Bangladesh,BD,190,1.00E-06,NA,NA,2011,
South Asia,Bangladesh,BD,79,1.00E-06,NA,NA,2011,
South Asia,Bangladesh,BD,404,1.00E-06,NA,NA,2011,
Eastern Europe,Belarus,BY,1645,0.167,0.1494,0.1861,2005,Zoe
Eastern Europe,Belarus,BY,1645,0.171,0.1535,0.1905,2011,Zoe
Eastern Europe,Belarus,BY,1629,0.143,0.126,0.161,2013,Zoe
Eastern Europe,Belarus,BY,1660,0.251,0.231,0.273,2015,Zoe
Eastern Europe,Belarus,BY,1645,0.308,0.2859,0.3312,2017,Zoe
Western Europe,Belgium,BE,NA,NA,NA,NA,2012,
Western Europe,Belgium,BE,370,0.057,NA,NA,2014,
Western Europe,Belgium,BE,382,0.05,NA,NA,2013,
Western Europe,Belgium,BE,357,0.039,NA,NA,2012,
Western Europe,Belgium,BE,328,0.046,NA,NA,2011,
Western Europe,Belgium,BE,282,0.0532,NA,NA,2010,
Western Europe,Belgium,BE,35,0.00001,NA,NA,2014,
Western Europe,Belgium,BE,53,0.019,NA,NA,2013,
Western Europe,Belgium,BE,36,0.00001,NA,NA,2012,
Western Europe,Belgium,BE,48,0.0833,NA,NA,2011,
Western Europe,Belgium,BE,29,0.0345,NA,NA,2010,
Western Europe,Belgium,BE,83,0.0602,NA,NA,2010,
Western Europe,Belgium,BE,35,1.00E-06,NA,NA,2016,
Western Europe,Belgium,BE,36,1.00E-06,NA,NA,2016,
Sub-Saharan Africa,Benin,BJ,120,0.067,NA,NA,2013,
Sub-Saharan Africa,Benin,BJ,380,0.047,NA,NA,2015,
Eastern Europe,Bulgaria,BG,NA,NA,NA,NA,2014,
Eastern Europe,Bulgaria,BG,742,0.1065,NA,NA,2012,
Eastern Europe,Bulgaria,BG,999,0.07,NA,NA,2011,
Eastern Europe,Bulgaria,BG,661,0.0378,NA,NA,2014,
Eastern Europe,Bulgaria,BG,822,0.0341,NA,NA,2013,
Eastern Europe,Bulgaria,BG,662,0.0363,NA,NA,2012,
Eastern Europe,Bulgaria,BG,1140,0.0281,NA,NA,2011,
Eastern Europe,Bulgaria,BG,1258,0.0215,NA,NA,2010,
East and South east Asia,Cambodia,KH,119,0.248,0.073,0.399,2012,
East and South east Asia,Cambodia,KH,170,0.244,0.164,0.332,2007,
North America,Canada,CA,NA,NA,NA,NA,2006,
North America,Canada,CA,422,0.197,0.16,0.239,2009,
North America,Canada,CA,406,0.101,NA,NA,2007,
North America,Canada,CA,208,0.058,NA,NA,2008,
North America,Canada,CA,239,0.121,NA,NA,2005,
North America,Canada,CA,150,0.173,NA,NA,2008,
North America,Canada,CA,247,0.13,NA,NA,2008,
North America,Canada,CA,248,0.093,NA,NA,2007,
North America,Canada,CA,111,0.054,NA,NA,2008,
North America,Canada,CA,140,0.136,NA,NA,2005,
North America,Canada,CA,252,0.032,NA,NA,2006,
North America,Canada,CA,202,0.025,NA,NA,2006,
North America,Canada,CA,1173,0.199,NA,NA,2006,
North America,Canada,CA,219,0.105,NA,NA,2008,
North America,Canada,CA,120,0.108,NA,NA,2009,
North America,Canada,CA,374,0.094,NA,NA,2010,
North America,Canada,CA,191,0.126,NA,NA,2011,
North America,Canada,CA,221,0.081,NA,NA,2012,
North America,Canada,CA,221,0.136,NA,NA,2013,
North America,Canada,CA,493,0.215,NA,NA,2008,
North America,Canada,CA,462,0.219,NA,NA,2009,
North America,Canada,CA,485,0.233,NA,NA,2010,
North America,Canada,CA,479,0.257,NA,NA,2011,
North America,Canada,CA,486,0.206,NA,NA,2013,
North America,Canada,CA,132,0.159,NA,NA,2010,
North America,Canada,CA,193,0.15,NA,NA,2011,
North America,Canada,CA,112,0.214,NA,NA,2012,
North America,Canada,CA,173,0.139,NA,NA,2012,
North America,Canada,CA,124,0.153,NA,NA,2012,
North America,Canada,CA,146,0.075,NA,NA,2008,
North America,Canada,CA,159,0.075,NA,NA,2009,
North America,Canada,CA,132,0.038,NA,NA,2010,
North America,Canada,CA,103,0.087,NA,NA,2011,
North America,Canada,CA,71,0.014,NA,NA,2012,
North America,Canada,CA,67,0.06,NA,NA,2013,
North America,Canada,CA,182,0.055,NA,NA,2012,
North America,Canada,CA,144,0.16,NA,NA,2012,
North America,Canada,CA,54,0.074,0.021,0.179,2012,
North America,Canada,CA,184,0.005,NA,NA,2011,
North America,Canada,CA,370,0.105,NA,NA,2011,
North America,Canada,CA,136,0.074,NA,NA,2010,
North America,Canada,CA,126,0.056,NA,NA,2011,
North America,Canada,CA,250,0.06,NA,NA,2011,
North America,Canada,CA,1248,0.066,NA,NA,2011,
North America,Canada,CA,183,0.158,NA,NA,2012,
North America,Canada,CA,251,0.084,NA,NA,2010,
North America,Canada,CA,456,0.15,NA,NA,2005,
North America,Canada,CA,373,0.029,NA,NA,2014,
North America,Canada,CA,254,0.15,NA,NA,2009,
East and South east Asia,China,CN,613,0.524,NA,NA,2008,
East and South east Asia,China,CN,370,0.183,NA,NA,2012,
East and South east Asia,China,CN,NA,NA,NA,NA,2008,
East and South east Asia,China,CN,3494,0.1507,NA,NA,2010,
East and South east Asia,China,CN,2530,0.165,NA,NA,2007,
East and South east Asia,China,CN,403,0.337,NA,NA,2009,
East and South east Asia,China,CN,2071,0.255,NA,NA,2010,
East and South east Asia,China,CN,1000,0.06,NA,NA,2014,
East and South east Asia,China,CN,1000,0.0633,NA,NA,2013,
East and South east Asia,China,CN,552,0.06,NA,NA,2008,
East and South east Asia,China,CN,314,0.599,NA,NA,2007,
East and South east Asia,China,CN,200,0.205,NA,NA,2007,
East and South east Asia,China,CN,200,0.285,NA,NA,2008,
East and South east Asia,China,CN,1831,0.074,NA,NA,2008,
East and South east Asia,China,CN,4448,0.1295,NA,NA,2011,
East and South east Asia,China,CN,780,0.291,NA,NA,2002,
East and South east Asia,China,CN,244,0.0474,NA,NA,2009,
East and South east Asia,China,CN,644,0.1786,NA,NA,2010,
East and South east Asia,China,CN,2773,0.167,NA,NA,2002,
East and South east Asia,China,CN,177,0.226,NA,NA,2000,
East and South east Asia,China,CN,123,0.195,NA,NA,2001,
East and South east Asia,China,CN,152,0.145,NA,NA,2002,
East and South east Asia,China,CN,115,0.122,NA,NA,2003,
East and South east Asia,China,CN,109,0.183,NA,NA,2004,
East and South east Asia,China,CN,449,0.129,NA,NA,2005,
East and South east Asia,China,CN,232,0.155,NA,NA,2006,
East and South east Asia,China,CN,258,0.19,NA,NA,2007,
East and South east Asia,China,CN,199,0.131,NA,NA,2008,
East and South east Asia,China,CN,454,0.196,NA,NA,2009,
East and South east Asia,China,CN,479,0.0626,NA,NA,2007,
East and South east Asia,China,CN,304,0.049,NA,NA,2007,
East and South east Asia,China,CN,97,0.0206,NA,NA,2008,
East and South east Asia,China,CN,170,0.035,NA,NA,2008,
East and South east Asia,China,CN,406,0.1453,NA,NA,2006,
East and South east Asia,China,CN,306,0.1373,NA,NA,2007,
East and South east Asia,China,CN,84,0.012,NA,NA,2008,
East and South east Asia,China,CN,197,0.02,NA,NA,2007,
East and South east Asia,China,CN,648,0.2361,NA,NA,2007,
East and South east Asia,China,CN,99,0.2727,NA,NA,2008,
East and South east Asia,China,CN,195,0.015,NA,NA,2008,
East and South east Asia,China,CN,651,0.0261,NA,NA,2007,
East and South east Asia,China,CN,470,0.1064,NA,NA,2006,
East and South east Asia,China,CN,251,0.016,NA,NA,2008,
East and South east Asia,China,CN,183,0.0055,NA,NA,2013,
East and South east Asia,China,CN,290,0.17,NA,NA,2002,
East and South east Asia,China,CN,331,0.23,NA,NA,2003,
East and South east Asia,China,CN,303,0.14,NA,NA,2003,
East and South east Asia,China,CN,299,0.13,NA,NA,2004,
East and South east Asia,China,CN,209,0.14,NA,NA,2004,
East and South east Asia,China,CN,210,0.14,NA,NA,2005,
East and South east Asia,China,CN,238,0.11,NA,NA,2006,
East and South east Asia,China,CN,245,0.11,NA,NA,2008,
East and South east Asia,China,CN,689,0.518,NA,NA,2004,
East and South east Asia,China,CN,207,0.164,NA,NA,2004,
East and South east Asia,China,CN,205,0.668,NA,NA,2004,
East and South east Asia,China,CN,277,0.671,NA,NA,2004,
East and South east Asia,China,CN,2717,0.07,NA,NA,2006,
East and South east Asia,China,CN,366,0.06,NA,NA,2001,
Sub-Saharan Africa,CI,CI,57,0.052,0.00001,0.112,2014,
Sub-Saharan Africa,CI,CI,57,0.053,0.011,0.146,2016,
Latin America,Colombia,CO,237,0.021,NA,NA,2010,
Latin America,Colombia,CO,297,0.02,NA,NA,2010,
Latin America,Colombia,CO,1114,0.053,NA,NA,2014,
Latin America,Colombia,CO,265,0.033,NA,NA,2014,
Latin America,Colombia,CO,193,0.04,NA,NA,2014,
Latin America,Colombia,CO,210,0.068,NA,NA,2014,
Latin America,Colombia,CO,250,0.093,NA,NA,2014,
Latin America,Colombia,CO,205,0.074,NA,NA,2014,
Latin America,Colombia,CO,540,0.0278,NA,NA,2010,
Middle East and North Africa,Cyprus,CY,NA,NA,NA,NA,2010,
Middle East and North Africa,Cyprus,CY,40,0.00001,NA,NA,2008,
Middle East and North Africa,Cyprus,CY,109,0.00001,NA,NA,2014,
Middle East and North Africa,Cyprus,CY,82,0.00001,NA,NA,2013,
Middle East and North Africa,Cyprus,CY,84,0.0119,NA,NA,2012,
Middle East and North Africa,Cyprus,CY,152,7.00E-04,NA,NA,2011,
Middle East and North Africa,Cyprus,CY,117,0.00001,NA,NA,2010,
Middle East and North Africa,Cyprus,CY,245,0.0163,NA,NA,2014,
Middle East and North Africa,Cyprus,CY,232,0.026,NA,NA,2013,
Middle East and North Africa,Cyprus,CY,198,0.0252,NA,NA,2012,
Middle East and North Africa,Cyprus,CY,221,0.0136,NA,NA,2011,
Middle East and North Africa,Cyprus,CY,238,0.0126,NA,NA,2010,
Middle East and North Africa,Cyprus,CY,40,1.00E-06,NA,NA,2010,
Middle East and North Africa,Cyprus,CY,109,1.00E-06,NA,NA,2016,
Middle East and North Africa,Cyprus,CY,82,1.00E-06,NA,NA,2016,
Middle East and North Africa,Cyprus,CY,117,1.00E-06,NA,NA,2016,
Sub-Saharan Africa,Democratic Republic of the Congo,CD,98,0.133,NA,NA,2014,
Western Europe,Denmark,DK,NA,NA,NA,NA,2013,
Western Europe,Denmark,DK,239,0.013,NA,NA,2007,
Eastern Europe,Estonia,EE,NA,NA,NA,NA,2008,
Eastern Europe,Estonia,EE,375,0.613,NA,NA,2007,
Eastern Europe,Estonia,EE,182,0.319,NA,NA,2008,
Eastern Europe,Estonia,EE,331,0.537,NA,NA,2005,
Eastern Europe,Estonia,EE,161,0.547,0.436,0.669,2004,
Eastern Europe,Estonia,EE,350,0.543,0.489,0.596,2005,
Eastern Europe,Estonia,EE,350,0.551,0.5,0.6,2007,
Eastern Europe,Estonia,EE,599,0.6178,NA,NA,2012,
Eastern Europe,Estonia,EE,328,0.5792,NA,NA,2013,
Eastern Europe,Estonia,EE,350,0.526,NA,NA,2010,
Eastern Europe,Estonia,EE,345,0.498,NA,NA,2011,
Eastern Europe,Estonia,EE,350,0.483,NA,NA,2014,
Western Europe,Finland,FI,NA,NA,NA,NA,2014,
Western Europe,Finland,FI,588,0.0119,NA,NA,2014,
Western Europe,France,FR,960,0.13,0.102,0.172,2011,
Western Europe,France,FR,NA,NA,NA,NA,2011,
Western Europe,France,FR,137,0.124,NA,NA,2002,
Western Europe,France,FR,901,0.1331,NA,NA,2011,
Western Europe,France,FR,1587,0.0618,NA,NA,2012,
Western Europe,France,FR,1337,0.0718,NA,NA,2010,
Eastern Europe,Georgia,GE,1108,0.0199,NA,NA,2009,
Eastern Europe,Georgia,GE,NA,NA,NA,NA,2007,
Eastern Europe,Georgia,GE,306,0.025,0.003,0.054,2008,
Eastern Europe,Georgia,GE,206,0.045,0.015,0.08,2008,
Eastern Europe,Georgia,GE,204,0.022,0.00001,0.035,2008,
Eastern Europe,Georgia,GE,205,0.015,0.00001,0.035,2008,
Eastern Europe,Georgia,GE,187,0.00001,NA,NA,2008,
Eastern Europe,Georgia,GE,2022,0.022,NA,NA,2014,
Eastern Europe,Georgia,GE,357,0.02,0.00001,0.046,2014,
Eastern Europe,Georgia,GE,287,0.024,0.004,0.05,2014,
Eastern Europe,Georgia,GE,285,0.012,0.00001,0.029,2014,
Eastern Europe,Georgia,GE,286,0.048,0.002,0.11,2014,
Eastern Europe,Georgia,GE,277,0.044,0.018,0.078,2014,
Eastern Europe,Georgia,GE,284,0.026,0.005,0.053,2014,
Eastern Europe,Georgia,GE,246,0.009,0.00001,0.046,2014,
Eastern Europe,Georgia,GE,1744,0.03,NA,NA,2012,
Eastern Europe,Georgia,GE,358,0.019,0.005,0.038,2012,
Eastern Europe,Georgia,GE,277,0.056,0.017,0.096,2012,
Eastern Europe,Georgia,GE,274,0.091,0.047,0.169,2012,
Eastern Europe,Georgia,GE,280,0.004,0.00001,0.025,2012,
Eastern Europe,Georgia,GE,284,0.011,0.00001,0.028,2012,
Eastern Europe,Georgia,GE,281,0.021,0.004,0.045,2012,
Eastern Europe,Georgia,GE,187,1.00E-06,NA,NA,2009,
Western Europe,Germany,DE,NA,NA,NA,NA,2011,
Western Europe,Germany,DE,146,0.07,NA,NA,2008,
Western Europe,Germany,DE,337,0.039,NA,NA,2011,
Western Europe,Germany,DE,197,0.061,NA,NA,2011,
Western Europe,Germany,DE,130,0.00001,NA,NA,2012,
Western Europe,Germany,DE,285,0.091,NA,NA,2013,
Western Europe,Germany,DE,322,0.016,NA,NA,2013,
Western Europe,Germany,DE,252,0.087,NA,NA,2013,
Western Europe,Germany,DE,235,0.0298,NA,NA,2013,
Western Europe,Germany,DE,319,0.05,NA,NA,2014,
Western Europe,Germany,DE,851,0.092,NA,NA,2002,
Western Europe,Germany,DE,130,1.00E-06,NA,NA,2016,
Western Europe,Greece,GR,NA,NA,NA,NA,2015,
Western Europe,Greece,GR,3320,0.1352,NA,NA,2015,
Western Europe,Greece,GR,287,0.003,NA,NA,2010,
Western Europe,Greece,GR,1029,0.21,NA,NA,2015,
Western Europe,Greece,GR,476,0.008,NA,NA,2013,
Western Europe,Greece,GR,2668,0.0105,NA,NA,2014,
Western Europe,Greece,GR,1529,0.198,NA,NA,2016,
Western Europe,Greece,GR,18,0.0556,NA,NA,2016,
Western Europe,Greece,GR,223,0.009,NA,NA,2016,
Western Europe,Greece,GR,171,0.0117,NA,NA,2016,
Western Europe,Greece,GR,38,1.00E-06,NA,NA,2016,
Western Europe,Greece,GR,13,1.00E-06,NA,NA,2016,
Western Europe,Greece,GR,11,1.00E-06,NA,NA,2016,
Western Europe,Greece,GR,22,1.00E-06,NA,NA,2016,
Western Europe,Greece,GR,75,1.00E-06,NA,NA,2016,
Western Europe,Greece,GR,152,0.0132,NA,NA,2016,
Western Europe,Greece,GR,239,0.0335,NA,NA,2016,
Western Europe,Greece,GR,247,0.0283,NA,NA,2016,
Western Europe,Greece,GR,47,1.00E-06,NA,NA,2016,
Western Europe,Greece,GR,61,1.00E-06,NA,NA,2016,
Western Europe,Greece,GR,58,1.00E-06,NA,NA,2016,
Western Europe,Greece,GR,37,1.00E-06,NA,NA,2016,
Western Europe,Greece,GR,20,0.05,NA,NA,2016,
Western Europe,Greece,GR,160,0.025,NA,NA,2016,
Western Europe,Greece,GR,96,0.0729,NA,NA,2016,
Western Europe,Greece,GR,89,0.0562,NA,NA,2016,
Western Europe,Greece,GR,88,1.00E-06,NA,NA,2016,
Western Europe,Greece,GR,130,0.038,NA,NA,2016,
Western Europe,Greece,GR,108,1.00E-06,NA,NA,2016,
Western Europe,Greece,GR,52,1.00E-06,NA,NA,2016,
Western Europe,Greece,GR,23,1.00E-06,NA,NA,2016,
Western Europe,Greece,GR,466,0.06,NA,NA,2016,
Western Europe,Greece,GR,592,0.0372,NA,NA,2016,
Western Europe,Greece,GR,743,0.0081,NA,NA,2016,
Western Europe,Greece,GR,679,0.0854,NA,NA,2016,
Western Europe,Greece,GR,29,1.00E-06,NA,NA,2016,
Western Europe,Greece,GR,56,1.00E-06,NA,NA,2016,
Western Europe,Greece,GR,169,0.0118,NA,NA,2016,
Western Europe,Greece,GR,471,0.183,NA,NA,2016,
Western Europe,Greece,GR,32,0.0313,NA,NA,2016,
Western Europe,Greece,GR,49,1.00E-06,NA,NA,2016,
Western Europe,Greece,GR,28,0.0357,NA,NA,2016,
Western Europe,Greece,GR,373,0.0643,NA,NA,2016,
Western Europe,Greece,GR,553,0.0506,NA,NA,2016,
Western Europe,Greece,GR,1197,0.0067,NA,NA,2016,
Western Europe,Greece,GR,83,0.012,NA,NA,2016,
Western Europe,Greece,GR,163,0.0613,NA,NA,2016,
Western Europe,Greece,GR,215,0.107,NA,NA,2016,
Western Europe,Greece,GR,256,0.102,NA,NA,2016,
Western Europe,Greece,GR,289,0.09,NA,NA,2016,
Western Europe,Greece,GR,294,0.0748,NA,NA,2016,
Western Europe,Greece,GR,323,0.0093,NA,NA,2016,
Western Europe,Greece,GR,309,0.1489,NA,NA,2016,
Western Europe,Greece,GR,1235,0.115,NA,NA,2016,
Western Europe,Greece,GR,793,0.0807,NA,NA,2016,
Western Europe,Greece,GR,756,0.0079,NA,NA,2016,
Western Europe,Greece,GR,104,1.00E-06,NA,NA,2016,
Western Europe,Greece,GR,111,1.00E-06,NA,NA,2016,
Western Europe,Greece,GR,436,0.0046,NA,NA,2016,
Western Europe,Greece,GR,400,0.01,NA,NA,2016,
Western Europe,Greece,GR,45,1.00E-06,NA,NA,2016,
Western Europe,Greece,GR,42,1.00E-06,NA,NA,2016,
Western Europe,Greece,GR,887,0.107,NA,NA,2016,
Western Europe,Greece,GR,1911,0.0795,NA,NA,2016,
Western Europe,Greece,GR,1557,0.0443,NA,NA,2016,
Western Europe,Greece,GR,65,1.00E-06,NA,NA,2016,
Western Europe,Greece,GR,69,1.00E-06,NA,NA,2016,
Western Europe,Greece,GR,46,1.00E-06,NA,NA,2016,
Western Europe,Greece,GR,131,0.0305,NA,NA,2016,
Western Europe,Greece,GR,147,0.0068,NA,NA,2016,
Western Europe,Greece,GR,97,1.00E-06,NA,NA,2016,
Western Europe,Greece,GR,122,0.066,NA,NA,2016,
South Asia,India,IN,NA,NA,NA,NA,2012,
South Asia,India,IN,1002,0.254,NA,NA,2013,
South Asia,India,IN,1002,0.224,NA,NA,2013,
South Asia,India,IN,1002,0.218,NA,NA,2013,
South Asia,India,IN,1003,0.112,NA,NA,2013,
South Asia,India,IN,1002,0.311,NA,NA,2013,
South Asia,India,IN,1002,0.115,NA,NA,2013,
South Asia,India,IN,459,0.449,NA,NA,2013,
South Asia,India,IN,1001,0.138,NA,NA,2013,
South Asia,India,IN,1001,0.086,NA,NA,2013,
South Asia,India,IN,1001,0.211,NA,NA,2013,
South Asia,India,IN,998,0.106,NA,NA,2013,
South Asia,India,IN,1002,0.181,NA,NA,2013,
South Asia,India,IN,1002,0.059,NA,NA,2013,
South Asia,India,IN,1002,0.089,NA,NA,2013,
South Asia,India,IN,1002,0.308,NA,NA,2013,
South Asia,India,IN,11897,0.167,NA,NA,2013,
South Asia,India,IN,398,0.254,NA,NA,2005,
South Asia,India,IN,402,0.192,NA,NA,2005,
South Asia,India,IN,1650,0.161,NA,NA,2009,
South Asia,India,IN,821,0.308,NA,NA,2009,
South Asia,India,IN,829,0.014,NA,NA,2009,
South Asia,India,IN,398,0.108,NA,NA,2005,
South Asia,India,IN,1158,0.253,NA,NA,2006,
South Asia,India,IN,821,0.292,0.257,0.33,2009,
South Asia,India,IN,829,0.016,0.007,0.027,2009,
South Asia,India,IN,3635,0.22,NA,NA,2011,
South Asia,India,IN,420,0.231,0.18,0.278,2008,
South Asia,India,IN,419,0.322,0.274,0.374,2008,
South Asia,India,IN,440,0.011,0.00001,0.026,2008,
South Asia,India,IN,420,0.018,0.006,0.034,2008,
South Asia,India,IN,355,0.165,0.113,0.199,2008,
South Asia,India,IN,1155,0.293,NA,NA,2010,
South Asia,India,IN,2292,0.259,NA,NA,2012,
South Asia,India,IN,711,0.311,NA,NA,2008,
South Asia,India,IN,306,0.621,NA,NA,2008,
South Asia,India,IN,199,0.045,NA,NA,2008,
South Asia,India,IN,156,0.115,NA,NA,2008,
South Asia,India,IN,50,0.08,NA,NA,2008,
South Asia,India,IN,411,0.083,NA,NA,2012,
South Asia,India,IN,250,0.208,NA,NA,2007,
South Asia,India,IN,14450,0.211,NA,NA,2013,
South Asia,India,IN,998,0.148,NA,NA,2015,
South Asia,India,IN,909,0.298,NA,NA,2006,
South Asia,India,IN,327,0.148,0.11,0.208,2010,
South Asia,India,IN,410,0.162,0.124,0.199,2010,
South Asia,India,IN,411,0.399,0.353,0.456,2010,
South Asia,India,IN,418,0.01,0.003,0.019,2010,
South Asia,India,IN,411,0.021,0.001,0.04,2010,
South Asia,India,IN,1594,0.121,0.097,0.15,2014,
South Asia,India,IN,1084,0.1,0.072,0.138,2014,
South Asia,India,IN,1198,0.032,0.022,0.047,2014,
South Asia,India,IN,19902,0.099,0.09,0.109,2014,
South Asia,India,IN,2269,0.019,0.011,0.031,2014,
South Asia,India,IN,1380,0.097,0.062,0.148,2014,
South Asia,India,IN,2286,0.272,0.236,0.312,2014,
South Asia,India,IN,1939,0.136,0.105,0.175,2014,
South Asia,India,IN,1488,0.097,0.066,0.142,2014,
South Asia,India,IN,2199,0.073,0.054,0.097,2014,
South Asia,India,IN,1063,0.218,0.157,0.294,2014,
South Asia,India,IN,1157,0.015,0.009,0.026,2014,
South Asia,India,IN,2245,0.008,0.005,0.014,2014,
South Asia,India,IN,6449,0.233,NA,NA,2015,
South Asia,India,IN,1000,0.0714,NA,NA,2010,
South Asia,India,IN,1000,0.211,NA,NA,2010,
South Asia,India,IN,1000,0.183,NA,NA,2010,
South Asia,India,IN,1000,0.142,NA,NA,2010,
South Asia,India,IN,1000,0.129,NA,NA,2010,
South Asia,India,IN,1000,0.12,NA,NA,2010,
South Asia,India,IN,1000,0.072,NA,NA,2010,
South Asia,India,IN,1000,0.064,NA,NA,2010,
South Asia,India,IN,1000,0.051,NA,NA,2010,
South Asia,India,IN,1000,0.049,NA,NA,2010,
South Asia,India,IN,1000,0.045,NA,NA,2010,
South Asia,India,IN,1000,0.043,NA,NA,2010,
South Asia,India,IN,1000,0.03,NA,NA,2010,
South Asia,India,IN,1000,0.027,NA,NA,2010,
South Asia,India,IN,1000,0.022,NA,NA,2010,
South Asia,India,IN,1000,0.02,NA,NA,2010,
South Asia,India,IN,1000,0.016,NA,NA,2010,
South Asia,India,IN,1000,0.015,NA,NA,2010,
South Asia,India,IN,1000,0.008,NA,NA,2010,
South Asia,India,IN,1000,0.004,NA,NA,2010,
South Asia,India,IN,1000,0.002,NA,NA,2010,
South Asia,India,IN,12302,0.0986,0.0942,0.103,2008,
South Asia,India,IN,492,0.069,0.05,0.088,2008,
South Asia,India,IN,429,0.002,0.00001,0.006,2008,
South Asia,India,IN,437,0.053,0.035,0.07,2008,
South Asia,India,IN,495,0.055,0.038,0.071,2008,
South Asia,India,IN,250,0.144,0.108,0.181,2008,
South Asia,India,IN,500,0.186,0.157,0.215,2008,
South Asia,India,IN,249,0.02,0.006,0.035,2008,
South Asia,India,IN,233,0.00001,0.00001,0.00001,2008,
South Asia,India,IN,250,0.016,0.003,0.029,2008,
South Asia,India,IN,749,0.053,0.04,0.067,2008,
South Asia,India,IN,250,0.396,0.345,0.447,2008,
South Asia,India,IN,250,0.2,0.158,0.242,2008,
South Asia,India,IN,967,0.287,0.263,0.31,2008,
South Asia,India,IN,1249,0.05,0.04,0.061,2008,
South Asia,India,IN,1385,0.038,0.03,0.047,2008,
South Asia,India,IN,725,0.066,0.051,0.081,2008,
South Asia,India,IN,1000,0.276,0.253,0.299,2008,
South Asia,India,IN,228,0.022,0.006,0.038,2008,
South Asia,India,IN,250,0.036,0.017,0.055,2008,
South Asia,India,IN,239,0.004,0.00001,0.011,2008,
South Asia,India,IN,489,0.025,0.013,0.036,2008,
South Asia,India,IN,937,0.056,0.043,0.068,2008,
South Asia,India,IN,210,0.057,NA,NA,2010,
South Asia,India,IN,58,0.138,NA,NA,2007,
South Asia,India,IN,201,0.05,NA,NA,2011,
South Asia,India,IN,171,0.105,NA,NA,2010,
South Asia,India,IN,194,0.644,NA,NA,2014,
South Asia,India,IN,58,0.034,NA,NA,2012,
South Asia,India,IN,250,0.596,NA,NA,2002,
South Asia,India,IN,839,0.278,0.243,0.314,2006,
South Asia,India,IN,860,0.014,0.004,0.026,2006,
South Asia,India,IN,157,0.166,NA,NA,2006,
South Asia,India,IN,233,1.00E-06,1.00E-06,1.00E-06,2010,
East and South east Asia,Indonesia,ID,NA,NA,NA,NA,2008,
East and South east Asia,Indonesia,ID,1419,0.364,NA,NA,2011,
East and South east Asia,Indonesia,ID,250,0.392,NA,NA,2011,
East and South east Asia,Indonesia,ID,250,0.564,NA,NA,2011,
East and South east Asia,Indonesia,ID,250,0.252,NA,NA,2011,
East and South east Asia,Indonesia,ID,169,0.012,NA,NA,2011,
East and South east Asia,Indonesia,ID,250,0.364,NA,NA,2011,
East and South east Asia,Indonesia,ID,250,0.488,NA,NA,2011,
East and South east Asia,Indonesia,ID,999,0.524,NA,NA,2007,
East and South east Asia,Indonesia,ID,250,0.556,NA,NA,2007,
East and South east Asia,Indonesia,ID,249,0.55,NA,NA,2007,
East and South east Asia,Indonesia,ID,250,0.428,NA,NA,2007,
East and South east Asia,Indonesia,ID,250,0.56,NA,NA,2007,
East and South east Asia,Indonesia,ID,978,0.445,0.414,0.476,2013,
East and South east Asia,Indonesia,ID,55,0.273,0.155,0.391,2013,
East and South east Asia,Indonesia,ID,240,0.492,0.429,0.555,2013,
East and South east Asia,Indonesia,ID,240,0.271,0.215,0.327,2013,
East and South east Asia,Indonesia,ID,203,0.591,0.523,0.659,2013,
East and South east Asia,Indonesia,ID,240,0.488,0.425,0.551,2013,
East and South east Asia,Indonesia,ID,324,0.534,NA,NA,2015,
East and South east Asia,Indonesia,ID,116,0.664,NA,NA,2007,
East and South east Asia,Indonesia,ID,62,0.435,NA,NA,2007,
East and South east Asia,Indonesia,ID,164,0.543,NA,NA,2007,
East and South east Asia,Indonesia,ID,334,0.829,NA,NA,2007,
East and South east Asia,Indonesia,ID,6,0.667,NA,NA,2007,
East and South east Asia,Indonesia,ID,101,0.218,NA,NA,2007,
East and South east Asia,Indonesia,ID,783,0.633,0.599,0.667,2007,
East and South east Asia,Indonesia,ID,96,0.55,0.455,0.65,2010,
South Asia,Iran (Islamic Republic of),IR,NA,NA,NA,NA,2008,
South Asia,Iran (Islamic Republic of),IR,233,0.077,NA,NA,2012,
South Asia,Iran (Islamic Republic of),IR,2479,0.151,NA,NA,2010,
South Asia,Iran (Islamic Republic of),IR,544,0.233,NA,NA,2006,
South Asia,Iran (Islamic Republic of),IR,200,0.015,NA,NA,2004,
South Asia,Iran (Islamic Republic of),IR,300,0.023,NA,NA,2009,
South Asia,Iran (Islamic Republic of),IR,117,0.017,NA,NA,2008,
South Asia,Iran (Islamic Republic of),IR,268,0.295,NA,NA,2008,
South Asia,Iran (Islamic Republic of),IR,899,0.107,NA,NA,2006,
South Asia,Iran (Islamic Republic of),IR,100,0.19,NA,NA,2012,
South Asia,Iran (Islamic Republic of),IR,1599,0.015,NA,NA,2009,
South Asia,Iran (Islamic Republic of),IR,82,0.012,NA,NA,2009,
South Asia,Iran (Islamic Republic of),IR,589,0.01,NA,NA,2009,
South Asia,Iran (Islamic Republic of),IR,479,0.017,NA,NA,2009,
South Asia,Iran (Islamic Republic of),IR,113,0.035,NA,NA,2009,
South Asia,Iran (Islamic Republic of),IR,336,0.015,NA,NA,2009,
South Asia,Iran (Islamic Republic of),IR,60,0.2667,NA,NA,2014,
South Asia,Iran (Islamic Republic of),IR,158,0.099,NA,NA,2010,
South Asia,Iran (Islamic Republic of),IR,539,0.011,NA,NA,2008,
South Asia,Iran (Islamic Republic of),IR,417,0.244,0.205,0.286,2006,
South Asia,Iran (Islamic Republic of),IR,2290,0.152,0.097,0.231,2010,
Western Europe,Italy,IT,NA,NA,NA,NA,2009,
Western Europe,Italy,IT,509,0.026,NA,NA,2008,
Western Europe,Italy,IT,928,0.04,NA,NA,2008,
Western Europe,Italy,IT,1630,0.094,NA,NA,2008,
Western Europe,Italy,IT,291,0.065,0.037,0.094,2010,
Western Europe,Italy,IT,625,0.144,NA,NA,2009,
Western Europe,Italy,IT,1011,0.0534,NA,NA,2016,
Western Europe,Italy,IT,960,0.051,NA,NA,2016,
Western Europe,Italy,IT,492,0.0427,NA,NA,2016,
Western Europe,Italy,IT,521,0.0499,NA,NA,2016,
Western Europe,Italy,IT,50,0.04,NA,NA,2016,
Western Europe,Italy,IT,1330,0.0338,NA,NA,2016,
Western Europe,Italy,IT,1686,0.0332,NA,NA,2016,
Western Europe,Italy,IT,9052,0.0238,NA,NA,2016,
Western Europe,Italy,IT,8568,0.0267,NA,NA,2016,
Western Europe,Italy,IT,1467,0.0579,NA,NA,2016,
Western Europe,Italy,IT,1820,0.0527,NA,NA,2016,
Western Europe,Italy,IT,7724,0.1191,NA,NA,2016,
Western Europe,Italy,IT,1423,0.2087,NA,NA,2016,
Western Europe,Italy,IT,4787,0.3812,NA,NA,2016,
Western Europe,Italy,IT,2118,0.06,NA,NA,2016,
Western Europe,Italy,IT,2423,0.0437,NA,NA,2016,
Western Europe,Italy,IT,408,0.0245,NA,NA,2016,
Western Europe,Italy,IT,448,0.0223,NA,NA,2016,
Western Europe,Italy,IT,58408,0.1148,NA,NA,2016,
Western Europe,Italy,IT,5237,0.1184,NA,NA,2016,
Western Europe,Italy,IT,5070,0.0647,NA,NA,2016,
Western Europe,Italy,IT,5143,0.0632,NA,NA,2016,
Western Europe,Italy,IT,1568,0.2124,NA,NA,2016,
Western Europe,Italy,IT,1116,0.2939,NA,NA,2016,
Western Europe,Italy,IT,2886,0.0499,NA,NA,2016,
Western Europe,Italy,IT,3951,0.0397,NA,NA,2016,
Western Europe,Italy,IT,2137,0.102,NA,NA,2016,
Western Europe,Italy,IT,2404,0.1069,NA,NA,2016,
Western Europe,Italy,IT,673,0.0966,NA,NA,2016,
Western Europe,Italy,IT,689,0.0987,NA,NA,2016,
Western Europe,Italy,IT,701,0.077,NA,NA,2016,
Western Europe,Italy,IT,146,0.0685,NA,NA,2016,
Western Europe,Italy,IT,4118,0.0901,NA,NA,2016,
Western Europe,Italy,IT,4980,0.1,NA,NA,2016,
Western Europe,Italy,IT,2160,0.0273,NA,NA,2016,
Western Europe,Italy,IT,2234,0.0269,NA,NA,2016,
Western Europe,Italy,IT,755,0.0411,NA,NA,2016,
Western Europe,Italy,IT,1206,0.0876,NA,NA,2016,
Western Europe,Italy,IT,166,0.3012,NA,NA,2016,
Western Europe,Italy,IT,154,0.2792,NA,NA,2016,
Western Europe,Italy,IT,126,1.00E-06,NA,NA,2016,
Western Europe,Italy,IT,178,0.0056,NA,NA,2016,
Sub-Saharan Africa,Kenya,KE,NA,NA,NA,NA,2014,
Sub-Saharan Africa,Kenya,KE,141,0.2269,NA,NA,2010,
Sub-Saharan Africa,Kenya,KE,371,0.423,NA,NA,2013,
Sub-Saharan Africa,Kenya,KE,186,0.855,NA,NA,2013,
Sub-Saharan Africa,Kenya,KE,269,0.212,0.123,0.267,2011,
Sub-Saharan Africa,Kenya,KE,152,0.875,NA,NA,2013,
Sub-Saharan Africa,Kenya,KE,98,0.47,NA,NA,2001,
Sub-Saharan Africa,Kenya,KE,663,0.145,0.108,0.182,2012,
Sub-Saharan Africa,Kenya,KE,1122,0.205,0.173,0.236,2012,
Central Asia,Kyrgyzstan,KG,NA,NA,NA,NA,2010,
Central Asia,Kyrgyzstan,KG,904,0.124,NA,NA,2013,
Central Asia,Kyrgyzstan,KG,1049,0.08,0.0635,0.0971,2005,
Central Asia,Kyrgyzstan,KG,1049,0.074,0.0592,0.0919,2006,
Central Asia,Kyrgyzstan,KG,1049,0.078,0.0626,0.0961,2007,
Central Asia,Kyrgyzstan,KG,1049,0.068,0.0532,0.0846,2008,
Central Asia,Kyrgyzstan,KG,1049,0.143,0.1224,0.1657,2009,
Central Asia,Kyrgyzstan,KG,931,0.146,0.124,0.1704,2010,
Central Asia,Kyrgyzstan,KG,1311,0.143,0.1169,0.1535,2016,
East and South east Asia,Lao People's Democratic Republic,LA,46,0.174,NA,NA,2009,
Eastern Europe,Latvia,LV,313,0.23,NA,NA,2007,
Eastern Europe,Latvia,LV,407,0.226,NA,NA,2007,
Eastern Europe,Latvia,LV,NA,NA,NA,NA,2008,
Eastern Europe,Latvia,LV,388,0.2784,NA,NA,2014,
Eastern Europe,Latvia,LV,373,0.257,NA,NA,2013,
Eastern Europe,Latvia,LV,379,0.245,NA,NA,2012,
Eastern Europe,Latvia,LV,445,0.1978,NA,NA,2010,
Eastern Europe,Latvia,LV,811,0.0801,NA,NA,2014,
Eastern Europe,Latvia,LV,788,0.094,NA,NA,2013,
Eastern Europe,Latvia,LV,1147,0.203,NA,NA,2012,
Eastern Europe,Latvia,LV,642,0.1121,NA,NA,2011,
Eastern Europe,Latvia,LV,1072,0.0634,NA,NA,2010,
Eastern Europe,Latvia,LV,81,0.321,NA,NA,2011,
Middle East and North Africa,Libyan Arab Jamahiriya,LY,328,0.871,0.815,0.919,2010,
Middle East and North Africa,Libyan Arab Jamahiriya,LY,NA,NA,NA,NA,2005,
Eastern Europe,Lithuania,LT,NA,NA,NA,NA,2014,
Eastern Europe,Lithuania,LT,400,0.08,NA,NA,2008,
Eastern Europe,Lithuania,LT,299,0.097,NA,NA,2008,
Eastern Europe,Lithuania,LT,114,0.1842,NA,NA,2010,
Eastern Europe,Lithuania,LT,14,0.0714,NA,NA,2010,
Eastern Europe,Lithuania,LT,164,0.0671,NA,NA,2010,
Eastern Europe,Lithuania,LT,215,0.214,NA,NA,2010,
Eastern Europe,Lithuania,LT,139,0.0504,NA,NA,2010,
Eastern Europe,Lithuania,LT,330,0.0969,NA,NA,2012,
Eastern Europe,Lithuania,LT,598,0.0268,NA,NA,2012,
Eastern Europe,Lithuania,LT,74,0.00001,NA,NA,2010,
Eastern Europe,Lithuania,LT,200,0.125,NA,NA,2014,
Eastern Europe,Lithuania,LT,74,1.00E-06,NA,NA,2016,
Western Europe,Luxembourg,LU,202,0.025,0.002,0.048,2005,
Western Europe,Luxembourg,LU,133,0.045,NA,NA,2014,
Western Europe,Luxembourg,LU,170,0.0118,NA,NA,2013,
Western Europe,Luxembourg,LU,195,0.0103,NA,NA,2012,
Western Europe,Luxembourg,LU,171,0.0175,NA,NA,2011,
Western Europe,Luxembourg,LU,164,0.0244,NA,NA,2010,
Sub-Saharan Africa,Madagascar,MG,211,0.083,0.032,0.158,2012,
Sub-Saharan Africa,Madagascar,MG,193,0.02,0.001,0.052,2012,
Sub-Saharan Africa,Madagascar,MG,176,0.014,0.004,0.015,2012,
Sub-Saharan Africa,Madagascar,MG,NA,NA,NA,NA,2014,
East and South east Asia,Malaysia,MY,NA,NA,NA,NA,2007,
East and South east Asia,Malaysia,MY,1906,0.189,NA,NA,2012,
East and South east Asia,Malaysia,MY,1445,0.166,NA,NA,2014,
East and South east Asia,Malaysia,MY,630,0.221,NA,NA,2009,
East and South east Asia,Malaysia,MY,461,0.158,0.125,0.192,2010,
East and South east Asia,Malaysia,MY,526,0.439,NA,NA,2006,
Western Europe,Malta,MT,120,0.00001,NA,NA,2014,
Western Europe,Malta,MT,114,0.035,NA,NA,2013,
Western Europe,Malta,MT,138,0.00001,NA,NA,2012,
Western Europe,Malta,MT,115,0.00001,NA,NA,2011,
Western Europe,Malta,MT,118,0.00001,NA,NA,2010,
Western Europe,Malta,MT,120,1.00E-06,NA,NA,2016,
Western Europe,Malta,MT,138,1.00E-06,NA,NA,2016,
Western Europe,Malta,MT,115,1.00E-06,NA,NA,2016,
Western Europe,Malta,MT,118,1.00E-06,NA,NA,2016,
Sub-Saharan Africa,Mauritius,MU,NA,NA,NA,NA,2007,
Sub-Saharan Africa,Mauritius,MU,498,0.516,0.449,0.583,2011,
Sub-Saharan Africa,Mauritius,MU,488,0.474,0.407,0.545,2009,
Latin America,Mexico,MX,203,0.021,NA,NA,2005,
Latin America,Mexico,MX,219,0.03,NA,NA,2005,
Latin America,Mexico,MX,NA,NA,NA,NA,2012,
Latin America,Mexico,MX,1056,0.044,NA,NA,2006,
Eastern Europe,Moldova (Republic of),MD,NA,NA,NA,NA,2008,
Eastern Europe,Moldova (Republic of),MD,339,0.085,NA,NA,2012,
Eastern Europe,Moldova (Republic of),MD,376,0.418,NA,NA,2012,
Eastern Europe,Moldova (Republic of),MD,297,0.239,NA,NA,2012,
Eastern Europe,Moldova (Republic of),MD,97,0.437,NA,NA,2012,
Middle East and North Africa,Morocco,MA,535,0.114,NA,NA,2010,
Middle East and North Africa,Morocco,MA,261,0.004,NA,NA,2010,
Middle East and North Africa,Morocco,MA,277,0.251,0.161,0.35,2010,
Middle East and North Africa,Morocco,MA,212,0.037,0.015,0.064,2013,
Middle East and North Africa,Morocco,MA,NA,NA,NA,NA,2012,
Sub-Saharan Africa,Mozambique,MZ,351,0.503,NA,NA,2014,
Sub-Saharan Africa,Mozambique,MZ,139,0.369,NA,NA,2014,
East and South east Asia,Myanmar,MM,NA,NA,NA,NA,2010,
East and South east Asia,Myanmar,MM,318,0.27,NA,NA,2009,
East and South east Asia,Myanmar,MM,590,0.258,NA,NA,2010,
East and South east Asia,Myanmar,MM,1217,0.18,0.158,0.202,2012,
East and South east Asia,Myanmar,MM,160,0.163,NA,NA,2012,
East and South east Asia,Myanmar,MM,200,0.115,NA,NA,2012,
East and South east Asia,Myanmar,MM,105,0.067,NA,NA,2012,
East and South east Asia,Myanmar,MM,200,0.22,NA,NA,2012,
East and South east Asia,Myanmar,MM,152,0.178,NA,NA,2012,
East and South east Asia,Myanmar,MM,200,0.17,NA,NA,2012,
East and South east Asia,Myanmar,MM,200,0.29,NA,NA,2012,
East and South east Asia,Myanmar,MM,1007,0.231,0.205,0.257,2014,
East and South east Asia,Myanmar,MM,200,0.33,NA,NA,2014,
East and South east Asia,Myanmar,MM,200,0.13,NA,NA,2014,
East and South east Asia,Myanmar,MM,200,0.175,NA,NA,2014,
East and South east Asia,Myanmar,MM,87,0.046,NA,NA,2014,
East and South east Asia,Myanmar,MM,100,0.27,NA,NA,2014,
East and South east Asia,Myanmar,MM,200,0.355,NA,NA,2014,
East and South east Asia,Myanmar,MM,891,0.375,0.343,0.408,2008,
East and South east Asia,Myanmar,MM,200,0.19,NA,NA,2008,
East and South east Asia,Myanmar,MM,154,0.37,NA,NA,2008,
East and South east Asia,Myanmar,MM,171,0.374,NA,NA,2008,
East and South east Asia,Myanmar,MM,150,0.433,NA,NA,2008,
East and South east Asia,Myanmar,MM,200,0.54,NA,NA,2008,
East and South east Asia,Myanmar,MM,945,0.346,0.316,0.377,2009,
East and South east Asia,Myanmar,MM,200,0.32,NA,NA,2009,
East and South east Asia,Myanmar,MM,200,0.325,NA,NA,2009,
East and South east Asia,Myanmar,MM,150,0.367,NA,NA,2009,
East and South east Asia,Myanmar,MM,195,0.538,NA,NA,2009,
East and South east Asia,Myanmar,MM,1029,0.281,0.253,0.308,2010,
East and South east Asia,Myanmar,MM,160,0.213,NA,NA,2010,
East and South east Asia,Myanmar,MM,200,0.23,NA,NA,2010,
East and South east Asia,Myanmar,MM,76,0.079,NA,NA,2010,
East and South east Asia,Myanmar,MM,200,0.345,NA,NA,2010,
East and South east Asia,Myanmar,MM,193,0.394,NA,NA,2010,
East and South east Asia,Myanmar,MM,1100,0.219,0.195,0.244,2011,
East and South east Asia,Myanmar,MM,200,0.205,NA,NA,2011,
East and South east Asia,Myanmar,MM,100,0.11,NA,NA,2011,
East and South east Asia,Myanmar,MM,200,0.2,NA,NA,2011,
East and South east Asia,Myanmar,MM,260,0.29,NA,NA,2014,
East and South east Asia,Myanmar,MM,422,0.16,NA,NA,2014,
East and South east Asia,Myanmar,MM,410,0.28,NA,NA,2014,
East and South east Asia,Myanmar,MM,338,0.43,NA,NA,2014,
East and South east Asia,Myanmar,MM,400,0.35,NA,NA,2014,
East and South east Asia,Myanmar,MM,322,0.35,NA,NA,2014,
East and South east Asia,Myanmar,MM,258,0.47,NA,NA,2014,
East and South east Asia,Myanmar,MM,256,0.45,NA,NA,2014,
East and South east Asia,Myanmar,MM,215,0.06,NA,NA,2014,
East and South east Asia,Myanmar,MM,283,0.2,NA,NA,2014,
South Asia,Nepal,NP,NA,NA,NA,NA,2007,
South Asia,Nepal,NP,100,0.4,NA,NA,2011,
South Asia,Nepal,NP,360,0.083,0.057,0.118,2015,
South Asia,Nepal,NP,84,0.083,NA,NA,2015,
South Asia,Nepal,NP,168,0.083,NA,NA,2015,
South Asia,Nepal,NP,108,0.083,NA,NA,2015,
South Asia,Nepal,NP,340,0.064,0.035,0.096,2015,
South Asia,Nepal,NP,345,0.028,0.01,0.054,2015,
South Asia,Nepal,NP,340,0.063,0.039,0.089,2011,
South Asia,Nepal,NP,360,0.081,NA,NA,2012,
South Asia,Nepal,NP,345,0.081,NA,NA,2009,
South Asia,Nepal,NP,300,0.207,0.149,0.262,2009,
South Asia,Nepal,NP,300,0.034,0.018,0.052,2009,
South Asia,Nepal,NP,300,0.08,NA,NA,2009,
South Asia,Nepal,NP,309,0.1,NA,NA,2014,
South Asia,Nepal,NP,308,0.03,NA,NA,2014,
South Asia,Nepal,NP,223,0.33,NA,NA,2013,
South Asia,Nepal,NP,211,0.327,NA,NA,2010,
South Asia,Nepal,NP,354,0.138,0.1,0.18,2014,
Western Europe,Netherlands,NL,NA,NA,NA,NA,2006,
Western Europe,Netherlands,NL,13,0.00001,NA,NA,2014,
Western Europe,Netherlands,NL,31,0.00001,NA,NA,2013,
Western Europe,Netherlands,NL,78,0.013,NA,NA,2012,
Western Europe,Netherlands,NL,27,0.037,NA,NA,2011,
Western Europe,Netherlands,NL,25,0.00001,NA,NA,2010,
Western Europe,Netherlands,NL,42,0.00001,NA,NA,2010,
Western Europe,Netherlands,NL,7083,0.024,NA,NA,2014,
Western Europe,Netherlands,NL,6842,0.0181,NA,NA,2013,
Western Europe,Netherlands,NL,4959,0.0194,NA,NA,2012,
Western Europe,Netherlands,NL,4947,0.0232,NA,NA,2011,
Western Europe,Netherlands,NL,4544,0.0235,NA,NA,2010,
Western Europe,Netherlands,NL,505,0.0297,NA,NA,2014,
Western Europe,Netherlands,NL,217,0.0461,NA,NA,2013,
Western Europe,Netherlands,NL,219,0.0502,NA,NA,2012,
Western Europe,Netherlands,NL,884,0.0294,NA,NA,2011,
Western Europe,Netherlands,NL,657,0.0685,NA,NA,2010,
Western Europe,Netherlands,NL,13,1.00E-06,NA,NA,2016,
Western Europe,Netherlands,NL,31,1.00E-06,NA,NA,2016,
Western Europe,Netherlands,NL,25,1.00E-06,NA,NA,2016,
Western Europe,Netherlands,NL,42,1.00E-06,NA,NA,2016,
Latin America,Nicaragua,NI,41,0.024,NA,NA,2014,
Sub-Saharan Africa,Nigeria,NG,1317,0.042,NA,NA,2010,
Sub-Saharan Africa,Nigeria,NG,273,0.033,NA,NA,2010,
Sub-Saharan Africa,Nigeria,NG,271,0.093,NA,NA,2010,
Sub-Saharan Africa,Nigeria,NG,262,0.058,NA,NA,2010,
Sub-Saharan Africa,Nigeria,NG,269,0.048,NA,NA,2010,
Sub-Saharan Africa,Nigeria,NG,197,0.03,NA,NA,2010,
Sub-Saharan Africa,Nigeria,NG,273,0.051,NA,NA,2010,
Sub-Saharan Africa,Nigeria,NG,328,0.009,0.002,0.02,2010,
Sub-Saharan Africa,Nigeria,NG,3150,0.034,NA,NA,2014,
Sub-Saharan Africa,Nigeria,NG,226,0.058,NA,NA,2014,
Sub-Saharan Africa,Nigeria,NG,375,0.022,NA,NA,2014,
Sub-Saharan Africa,Nigeria,NG,669,0.047,NA,NA,2014,
Sub-Saharan Africa,Nigeria,NG,504,0.018,NA,NA,2014,
Sub-Saharan Africa,Nigeria,NG,285,0.089,NA,NA,2014,
Sub-Saharan Africa,Nigeria,NG,391,0.025,NA,NA,2014,
Sub-Saharan Africa,Nigeria,NG,310,0.019,NA,NA,2014,
Sub-Saharan Africa,Nigeria,NG,390,0.009,NA,NA,2014,
Sub-Saharan Africa,Nigeria,NG,45,0.13,NA,NA,2001,
Western Europe,Norway,NO,NA,NA,NA,NA,2010,
Western Europe,Norway,NO,195,0.01,NA,NA,2002,
Western Europe,Norway,NO,115,0.0261,NA,NA,2012,
Western Europe,Norway,NO,177,0.0056,NA,NA,2011,
Western Europe,Norway,NO,170,0.0059,NA,NA,2010,
South Asia,Pakistan,PK,365,0.307,NA,NA,2011,
South Asia,Pakistan,PK,1441,0.421,NA,NA,2011,
South Asia,Pakistan,PK,354,0.432,NA,NA,2011,
South Asia,Pakistan,PK,730,0.189,NA,NA,2011,
South Asia,Pakistan,PK,359,0.072,NA,NA,2011,
South Asia,Pakistan,PK,260,0.2,NA,NA,2011,
South Asia,Pakistan,PK,302,0.026,0.008,0.045,2007,
South Asia,Pakistan,PK,102,0.00001,NA,NA,2007,
South Asia,Pakistan,PK,NA,NA,NA,NA,2005,
South Asia,Pakistan,PK,382,0.267,0.222,0.311,2014,
South Asia,Pakistan,PK,382,0.474,0.423,0.524,2014,
South Asia,Pakistan,PK,383,0.235,0.192,0.278,2014,
South Asia,Pakistan,PK,382,0.364,0.345,0.412,2014,
South Asia,Pakistan,PK,382,0.319,0.272,0.366,2014,
South Asia,Pakistan,PK,381,0.31,0.263,0.356,2014,
South Asia,Pakistan,PK,385,0.395,0.346,0.444,2014,
South Asia,Pakistan,PK,389,0.172,0.134,0.21,2014,
South Asia,Pakistan,PK,382,0.516,0.465,0.566,2014,
South Asia,Pakistan,PK,388,0.402,0.353,0.451,2014,
South Asia,Pakistan,PK,3836,0.368,NA,NA,2014,
South Asia,Pakistan,PK,300,0.52,NA,NA,2009,
South Asia,Pakistan,PK,300,0.23,NA,NA,2009,
South Asia,Pakistan,PK,303,0.08,NA,NA,2009,
South Asia,Pakistan,PK,303,0.21,NA,NA,2009,
South Asia,Pakistan,PK,201,0.398,NA,NA,2012,
South Asia,Pakistan,PK,365,0.496,0.456,0.536,2011,
South Asia,Pakistan,PK,364,0.525,0.514,0.536,2011,
South Asia,Pakistan,PK,208,0.462,0.415,0.509,2011,
South Asia,Pakistan,PK,365,0.249,0.222,0.28,2011,
South Asia,Pakistan,PK,365,0.033,0.021,0.053,2011,
South Asia,Pakistan,PK,214,0.149,0.118,0.186,2011,
South Asia,Pakistan,PK,365,0.406,0.382,0.43,2011,
South Asia,Pakistan,PK,194,0.16,0.13,0.196,2011,
South Asia,Pakistan,PK,365,0.186,0.164,0.21,2011,
South Asia,Pakistan,PK,365,0.192,0.175,0.21,2011,
South Asia,Pakistan,PK,65,0.079,0.058,0.103,2011,
South Asia,Pakistan,PK,365,0.214,0.178,0.255,2011,
South Asia,Pakistan,PK,2969,0.208,0.194,0.223,2008,
South Asia,Pakistan,PK,401,0.145,0.11,0.179,2008,
South Asia,Pakistan,PK,400,0.123,0.09,0.155,2008,
South Asia,Pakistan,PK,403,0.228,0.187,0.269,2008,
South Asia,Pakistan,PK,345,0.186,0.145,0.227,2008,
South Asia,Pakistan,PK,403,0.231,0.19,0.272,2008,
South Asia,Pakistan,PK,397,0.305,0.26,0.35,2008,
South Asia,Pakistan,PK,389,0.285,0.24,0.33,2008,
South Asia,Pakistan,PK,231,0.128,0.086,0.172,2008,
South Asia,Pakistan,PK,300,0.0033,NA,NA,2003,
South Asia,Pakistan,PK,400,0.512,NA,NA,2006,
South Asia,Pakistan,PK,102,1.00E-06,NA,NA,2009,
East and South east Asia,Philippines,PH,306,0.538,NA,NA,2011,
East and South east Asia,Philippines,PH,366,0.00001,NA,NA,2011,
East and South east Asia,Philippines,PH,300,0.0033,NA,NA,2011,
East and South east Asia,Philippines,PH,311,0.036,NA,NA,2011,
East and South east Asia,Philippines,PH,767,0.482,NA,NA,2013,
East and South east Asia,Philippines,PH,338,0.0059,NA,NA,2009,
East and South east Asia,Philippines,PH,301,0.00001,NA,NA,2009,
East and South east Asia,Philippines,PH,238,0.00001,NA,NA,2009,
East and South east Asia,Philippines,PH,NA,NA,NA,NA,2009,
East and South east Asia,Philippines,PH,366,1.00E-06,NA,NA,2011,
East and South east Asia,Philippines,PH,301,1.00E-06,NA,NA,2009,
East and South east Asia,Philippines,PH,238,1.00E-06,NA,NA,2009,
Eastern Europe,Poland,PL,491,0.118,NA,NA,2004,
Eastern Europe,Poland,PL,763,0.18,0.092,0.27,2004,
Eastern Europe,Poland,PL,NA,NA,NA,NA,2010,
Western Europe,Portugal,PT,135,0.17,NA,NA,2008,
Western Europe,Portugal,PT,NA,NA,NA,NA,2016,
Western Europe,Portugal,PT,1679,0.0488,NA,NA,2010,
Western Europe,Portugal,PT,518,0.1467,NA,NA,2014,
Western Europe,Portugal,PT,503,0.171,NA,NA,2013,
Western Europe,Portugal,PT,1054,0.2059,NA,NA,2012,
Western Europe,Portugal,PT,661,0.1921,NA,NA,2011,
Western Europe,Portugal,PT,798,0.1917,NA,NA,2010,
Caribbean,Puerto Rico,PR,NA,NA,NA,NA,2006,
Caribbean,Puerto Rico,PR,315,0.06,NA,NA,2015,
Eastern Europe,Romania,RO,NA,NA,NA,NA,2008,
Eastern Europe,Romania,RO,45,0.00001,NA,NA,2008,
Eastern Europe,Romania,RO,626,0.009,NA,NA,2007,
Eastern Europe,Romania,RO,383,0.008,NA,NA,2008,
Eastern Europe,Romania,RO,283,0.021,NA,NA,2009,
Eastern Europe,Romania,RO,97,0.01,NA,NA,2010,
Eastern Europe,Romania,RO,49,0.061,NA,NA,2011,
Eastern Europe,Romania,RO,274,0.069,NA,NA,2012,
Eastern Europe,Romania,RO,128,0.208,NA,NA,2013,
Eastern Europe,Romania,RO,450,0.01,NA,NA,2009,
Eastern Europe,Romania,RO,229,0.2751,NA,NA,2014,
Eastern Europe,Romania,RO,809,0.492,NA,NA,2013,
Eastern Europe,Romania,RO,358,0.2486,NA,NA,2012,
Eastern Europe,Romania,RO,216,0.1157,NA,NA,2011,
Eastern Europe,Romania,RO,288,0.0417,NA,NA,2010,
Eastern Europe,Romania,RO,522,0.289,NA,NA,2015,
Eastern Europe,Romania,RO,45,1.00E-06,NA,NA,2011,
Eastern Europe,Russian Federation,RU,NA,NA,NA,NA,2009,
Eastern Europe,Russian Federation,RU,500,0.303,0.253,0.352,2012,
Eastern Europe,Russian Federation,RU,404,0.438,NA,NA,2006,
Eastern Europe,Russian Federation,RU,900,0.3,NA,NA,2002,
Eastern Europe,Russian Federation,RU,96,0.115,NA,NA,2004,
Eastern Europe,Russian Federation,RU,134,0.552,NA,NA,2001,
Eastern Europe,Russian Federation,RU,1389,0.079,NA,NA,2003,
Eastern Europe,Russian Federation,RU,677,0.424,NA,NA,2006,
Eastern Europe,Russian Federation,RU,300,0.113,NA,NA,2011,
Eastern Europe,Russian Federation,RU,500,0.64,NA,NA,2015,
Eastern Europe,Russian Federation,RU,285,0.04,NA,NA,2010,
Eastern Europe,Russian Federation,RU,299,0.34,NA,NA,2010,
Eastern Europe,Russian Federation,RU,279,0.57,NA,NA,2008,
Eastern Europe,Russian Federation,RU,350,0.09,NA,NA,2008,
Eastern Europe,Russian Federation,RU,306,0.15,NA,NA,2008,
Eastern Europe,Russian Federation,RU,300,0.64,NA,NA,2008,
Eastern Europe,Russian Federation,RU,341,0.13,NA,NA,2008,
Eastern Europe,Russian Federation,RU,309,0.03,NA,NA,2008,
Eastern Europe,Russian Federation,RU,300,0.15,NA,NA,2008,
Eastern Europe,Russian Federation,RU,411,0.59,NA,NA,2008,
Eastern Europe,Russian Federation,RU,159,0.2,NA,NA,2004,
Eastern Europe,Russian Federation,RU,374,0.32,NA,NA,2001,
Middle East and North Africa,Saudi Arabia,SA,378,0.098,NA,NA,2009,
Sub-Saharan Africa,Senegal,SN,140,0.093,NA,NA,2011,
Sub-Saharan Africa,Seychelles,SC,345,0.058,0.014,0.101,2011,
Sub-Saharan Africa,Sierra Leone,SL,NA,NA,NA,NA,2013,
Sub-Saharan Africa,Sierra Leone,SL,258,0.085,NA,NA,2015,
Western Europe,Slovenia,SI,NA,NA,NA,NA,NA,
Western Europe,Slovenia,SI,261,0.0038,NA,NA,2010,
Western Europe,Slovenia,SI,168,0.00001,NA,NA,2014,
Western Europe,Slovenia,SI,114,0.00001,NA,NA,2013,
Western Europe,Slovenia,SI,173,0.0058,NA,NA,2012,
Western Europe,Slovenia,SI,186,0.0054,NA,NA,2011,
Western Europe,Slovenia,SI,253,0.004,NA,NA,2010,
Western Europe,Slovenia,SI,84,0.0357,NA,NA,2014,
Western Europe,Slovenia,SI,72,0.0139,NA,NA,2013,
Western Europe,Slovenia,SI,157,0.00001,NA,NA,2012,
Western Europe,Slovenia,SI,156,0.0192,NA,NA,2011,
Western Europe,Slovenia,SI,2048,0.001,NA,NA,2006,
Western Europe,Slovenia,SI,168,1.00E-06,NA,NA,2016,
Western Europe,Slovenia,SI,114,1.00E-06,NA,NA,2016,
Western Europe,Slovenia,SI,157,1.00E-06,NA,NA,2016,
Sub-Saharan Africa,South Africa,ZA,NA,NA,NA,NA,2014,
Sub-Saharan Africa,South Africa,ZA,451,0.14,NA,NA,2013,
Sub-Saharan Africa,South Africa,ZA,150,0.16,NA,NA,2013,
Sub-Saharan Africa,South Africa,ZA,150,0.173,NA,NA,2013,
Sub-Saharan Africa,South Africa,ZA,150,0.093,NA,NA,2013,
Western Europe,Spain,ES,442,0.258,NA,NA,2002,
Western Europe,Spain,ES,4433,0.17,0.133,0.212,2004,
Western Europe,Spain,ES,1345,0.325,NA,NA,2010,
Western Europe,Spain,ES,NA,NA,NA,NA,2008,
Western Europe,Spain,ES,1223,0.443,NA,NA,2002,
Western Europe,Spain,ES,1507,0.422,NA,NA,2002,
Western Europe,Spain,ES,2243,0.33,0.31,0.355,2010,
Western Europe,Spain,ES,296,0.581,0.525,0.637,2006,
Western Europe,Spain,ES,5948,0.4184,NA,NA,1996,
Western Europe,Spain,ES,5439,0.306,NA,NA,2013,
Western Europe,Spain,ES,5957,0.331,NA,NA,2012,
Western Europe,Spain,ES,6546,0.33,NA,NA,2011,
Western Europe,Spain,ES,7243,0.3363,NA,NA,2010,
East and South east Asia,"Taiwan, Province of China",TW,NA,NA,NA,NA,2008,
East and South east Asia,"Taiwan, Province of China",TW,287,0.073,NA,NA,2010,
East and South east Asia,"Taiwan, Province of China",TW,87,0.103,NA,NA,2011,
East and South east Asia,"Taiwan, Province of China",TW,1444,0.134,NA,NA,2008,
East and South east Asia,"Taiwan, Province of China",TW,827,0.177,0.151,0.203,2012,
East and South east Asia,"Taiwan, Province of China",TW,368,0.095,NA,NA,2008,
Central Asia,Tajikistan,TJ,NA,NA,NA,NA,2010,
Central Asia,Tajikistan,TJ,1000,0.129,NA,NA,2014,
Central Asia,Tajikistan,TJ,200,0.27,NA,NA,2015,
Central Asia,Tajikistan,TJ,491,0.121,NA,NA,2004,
Sub-Saharan Africa,Tanzania (United Republic of),TZ,150,0.23,NA,NA,2011,
Sub-Saharan Africa,Tanzania (United Republic of),TZ,NA,NA,NA,NA,2011,
Sub-Saharan Africa,Tanzania (United Republic of),TZ,469,0.39,0.35,0.44,2012,
Sub-Saharan Africa,Tanzania (United Republic of),TZ,499,0.16,0.114,0.212,2007,
Sub-Saharan Africa,Tanzania (United Republic of),TZ,408,0.113,0.077,0.152,2012,
Sub-Saharan Africa,Tanzania (United Republic of),TZ,534,0.425,NA,NA,2006,
Sub-Saharan Africa,Tanzania (United Republic of),TZ,289,0.256,NA,NA,2010,
Sub-Saharan Africa,Tanzania (United Republic of),TZ,610,0.155,NA,NA,2014,
Sub-Saharan Africa,Tanzania (United Republic of),TZ,267,0.348,0.291,0.409,2011,
East and South east Asia,Thailand,TH,NA,NA,NA,NA,2009,
East and South east Asia,Thailand,TH,165,0.43,NA,NA,2002,
East and South east Asia,Thailand,TH,1383,0.359,NA,NA,2004,
East and South east Asia,Thailand,TH,738,0.236,NA,NA,2009,
East and South east Asia,Thailand,TH,309,0.108,NA,NA,2009,
East and South east Asia,Thailand,TH,321,0.236,0.19,0.289,2012,
East and South east Asia,Thailand,TH,274,0.142,0.095,0.202,2012,
East and South east Asia,Thailand,TH,173,0.438,0.341,0.528,2012,
East and South east Asia,Thailand,TH,202,0.219,0.164,0.282,2010,
Middle East and North Africa,Tunisia,TN,701,0.031,0.02,0.046,2009,
Middle East and North Africa,Tunisia,TN,629,0.035,NA,NA,2009,
Middle East and North Africa,Tunisia,TN,61,0.00001,NA,NA,2009,
Middle East and North Africa,Tunisia,TN,802,0.039,NA,NA,2011,
Middle East and North Africa,Tunisia,TN,61,1.00E-06,NA,NA,2009,
Eastern Europe,Ukraine,UA,1564,0.35,NA,NA,2004,
Eastern Europe,Ukraine,UA,315,0.14,NA,NA,2005,
Eastern Europe,Ukraine,UA,191,0.482,NA,NA,2008,
Eastern Europe,Ukraine,UA,140,0.607,NA,NA,2008,
Eastern Europe,Ukraine,UA,2247,0.461,NA,NA,2008,
Eastern Europe,Ukraine,UA,3694,0.343,NA,NA,2008,
Eastern Europe,Ukraine,UA,9069,0.216,NA,NA,2011,
Eastern Europe,Ukraine,UA,500,0.226,0.188,0.264,2011,
Eastern Europe,Ukraine,UA,350,0.13,0.092,0.169,2011,
Eastern Europe,Ukraine,UA,352,0.18,0.137,0.235,2011,
Eastern Europe,Ukraine,UA,499,0.334,0.281,0.392,2011,
Eastern Europe,Ukraine,UA,500,0.209,0.166,0.255,2011,
Eastern Europe,Ukraine,UA,350,0.19,0.149,0.231,2011,
Eastern Europe,Ukraine,UA,200,0.013,0.04,0.026,2011,
Eastern Europe,Ukraine,UA,200,0.058,0.02,0.104,2011,
Eastern Europe,Ukraine,UA,250,0.169,0.113,0.224,2011,
Eastern Europe,Ukraine,UA,NA,NA,NA,NA,2011,
Eastern Europe,Ukraine,UA,508,0.258,0.174,0.331,2011,
Eastern Europe,Ukraine,UA,350,0.09,0.049,0.132,2011,
Eastern Europe,Ukraine,UA,251,0.024,0.011,0.039,2011,
Eastern Europe,Ukraine,UA,250,0.276,0.217,0.341,2011,
Eastern Europe,Ukraine,UA,500,0.402,0.251,0.459,2011,
Eastern Europe,Ukraine,UA,500,0.32,0.279,0.364,2011,
Eastern Europe,Ukraine,UA,350,0.228,0.171,0.284,2011,
Eastern Europe,Ukraine,UA,350,0.092,0.061,0.126,2011,
Eastern Europe,Ukraine,UA,350,0.042,0.021,0.067,2011,
Eastern Europe,Ukraine,UA,200,0.172,0.087,0.249,2011,
Eastern Europe,Ukraine,UA,353,0.084,0.053,0.12,2011,
Eastern Europe,Ukraine,UA,351,0.284,0.231,0.342,2011,
Eastern Europe,Ukraine,UA,350,0.337,0.287,0.404,2011,
Eastern Europe,Ukraine,UA,356,0.262,0.214,0.31,2011,
Eastern Europe,Ukraine,UA,200,0.037,0.013,0.066,2011,
Eastern Europe,Ukraine,UA,349,0.331,0.272,0.389,2011,
Eastern Europe,Ukraine,UA,5958,0.197,NA,NA,2013,
Eastern Europe,Ukraine,UA,401,0.225,0.176,0.281,2013,
Eastern Europe,Ukraine,UA,250,0.127,0.077,0.188,2013,
Eastern Europe,Ukraine,UA,350,0.203,0.154,0.254,2013,
Eastern Europe,Ukraine,UA,501,0.347,0.249,0.372,2013,
Eastern Europe,Ukraine,UA,500,0.265,0.19,0.35,2013,
Eastern Europe,Ukraine,UA,350,0.189,0.124,0.258,2013,
Eastern Europe,Ukraine,UA,200,0.018,0.00001,0.025,2013,
Eastern Europe,Ukraine,UA,350,0.022,0.005,0.047,2013,
Eastern Europe,Ukraine,UA,300,0.17,0.103,0.252,2013,
Eastern Europe,Ukraine,UA,300,0.197,0.135,0.271,2013,
Eastern Europe,Ukraine,UA,500,0.201,0.102,0.296,2013,
Eastern Europe,Ukraine,UA,250,0.15,0.039,0.196,2013,
Eastern Europe,Ukraine,UA,300,0.032,0.017,0.054,2013,
Eastern Europe,Ukraine,UA,350,0.235,0.176,0.294,2013,
Eastern Europe,Ukraine,UA,500,0.318,0.259,0.392,2013,
Eastern Europe,Ukraine,UA,400,0.302,0.243,0.364,2013,
Eastern Europe,Ukraine,UA,300,0.026,0.013,0.047,2013,
Eastern Europe,Ukraine,UA,300,0.245,0.132,0.275,2013,
Eastern Europe,Ukraine,UA,350,0.051,0.024,0.094,2013,
Eastern Europe,Ukraine,UA,250,0.18,0.122,0.245,2013,
Eastern Europe,Ukraine,UA,350,0.103,0.051,0.18,2013,
Eastern Europe,Ukraine,UA,300,0.226,0.168,0.287,2013,
Eastern Europe,Ukraine,UA,300,0.282,0.214,0.347,2013,
Eastern Europe,Ukraine,UA,350,0.198,0.147,0.247,2013,
Eastern Europe,Ukraine,UA,250,0.022,0.005,0.044,2013,
Eastern Europe,Ukraine,UA,300,0.186,0.092,0.29,2013,
Eastern Europe,Ukraine,UA,150,0.217,0.144,0.306,2013,
Eastern Europe,Ukraine,UA,150,0.057,0.008,0.119,2013,
Eastern Europe,Ukraine,UA,350,0.213,0.117,0.234,2013,
Eastern Europe,Ukraine,UA,3962,0.216,NA,NA,2009,
Eastern Europe,Ukraine,UA,183,0.235,0.181,0.29,2009,
Eastern Europe,Ukraine,UA,213,0.564,0.479,0.648,2009,
Eastern Europe,Ukraine,UA,160,0.221,0.154,0.302,2009,
Eastern Europe,Ukraine,UA,224,0.067,0.024,0.109,2009,
Eastern Europe,Ukraine,UA,192,0.422,0.312,0.531,2009,
Eastern Europe,Ukraine,UA,168,0.107,0.048,0.175,2009,
Eastern Europe,Ukraine,UA,291,0.221,0.166,0.279,2009,
Eastern Europe,Ukraine,UA,190,0.048,0.022,0.081,2009,
Eastern Europe,Ukraine,UA,159,0.111,0.064,0.168,2009,
Eastern Europe,Ukraine,UA,198,0.272,0.179,0.374,2009,
Eastern Europe,Ukraine,UA,183,0.253,0.18,0.329,2009,
Eastern Europe,Ukraine,UA,198,0.071,0.033,0.114,2009,
Eastern Europe,Ukraine,UA,193,0.224,0.175,0.324,2009,
Eastern Europe,Ukraine,UA,188,0.296,0.22,0.376,2009,
Eastern Europe,Ukraine,UA,72,0.062,0.015,0.135,2009,
Eastern Europe,Ukraine,UA,75,0.03,0.002,0.073,2009,
Eastern Europe,Ukraine,UA,68,0.062,0.025,0.008,2009,
Eastern Europe,Ukraine,UA,92355,0.067,NA,NA,2012,
Eastern Europe,Ukraine,UA,9405,0.219,NA,NA,2015,
Eastern Europe,Ukraine,UA,400,0.323,0.268,0.379,2015,
Eastern Europe,Ukraine,UA,250,0.097,0.056,0.138,2015,
Eastern Europe,Ukraine,UA,350,0.201,0.16,0.242,2015,
Eastern Europe,Ukraine,UA,500,0.397,0.345,0.449,2015,
Eastern Europe,Ukraine,UA,444,0.335,0.281,0.388,2015,
Eastern Europe,Ukraine,UA,350,0.159,0.105,0.212,2015,
Eastern Europe,Ukraine,UA,150,0.014,0.001,0.028,2015,
Eastern Europe,Ukraine,UA,150,0.087,0.04,0.135,2015,
Eastern Europe,Ukraine,UA,350,0.178,0.132,0.224,2015,
Eastern Europe,Ukraine,UA,350,0.299,0.248,0.35,2015,
Eastern Europe,Ukraine,UA,150,0.082,0.022,0.142,2015,
Eastern Europe,Ukraine,UA,400,0.255,0.215,0.294,2015,
Eastern Europe,Ukraine,UA,300,0.194,0.15,0.238,2015,
Eastern Europe,Ukraine,UA,150,0.075,0.021,0.13,2015,
Eastern Europe,Ukraine,UA,401,0.214,0.164,0.266,2015,
Eastern Europe,Ukraine,UA,500,0.278,0.228,0.328,2015,
Eastern Europe,Ukraine,UA,450,0.275,0.23,0.321,2015,
Eastern Europe,Ukraine,UA,150,0.297,0.198,0.396,2015,
Eastern Europe,Ukraine,UA,400,0.066,0.042,0.09,2015,
Eastern Europe,Ukraine,UA,150,0.102,0.044,0.162,2015,
Eastern Europe,Ukraine,UA,350,0.063,0.039,0.087,2015,
Eastern Europe,Ukraine,UA,200,0.131,0.073,0.19,2015,
Eastern Europe,Ukraine,UA,400,0.212,0.166,0.259,2015,
Eastern Europe,Ukraine,UA,450,0.208,0.171,0.245,2015,
Eastern Europe,Ukraine,UA,350,0.363,0.307,0.419,2015,
Eastern Europe,Ukraine,UA,150,0.162,0.096,0.227,2015,
Eastern Europe,Ukraine,UA,360,0.324,0.258,0.39,2015,
Eastern Europe,Ukraine,UA,399,0.204,0.16,0.248,2015,
Eastern Europe,Ukraine,UA,401,0.119,0.083,0.154,2015,
Eastern Europe,Ukraine,UA,1613,0.411,NA,NA,2014,
Eastern Europe,Ukraine,UA,550,0.39,NA,NA,2013,
Eastern Europe,Ukraine,UA,438,0.16,NA,NA,2001,
Western Europe,United Kingdom,GB,NA,NA,NA,NA,2012,
Western Europe,United Kingdom,GB,2260,0.007,NA,NA,2014,
Western Europe,United Kingdom,GB,914,0.011,NA,NA,2014,
Western Europe,United Kingdom,GB,299,0.01,NA,NA,2006,
Western Europe,United Kingdom,GB,299,0.007,NA,NA,2006,
North America,United States of America,US,155,0.1,NA,NA,2006,
North America,United States of America,US,100,0.01,NA,NA,2005,
North America,United States of America,US,NA,NA,NA,NA,2009,
North America,United States of America,US,510,0.042,0.024,0.059,2010,
North America,United States of America,US,708,0.182,NA,NA,1998,
North America,United States of America,US,1445,0.035,NA,NA,2001,
North America,United States of America,US,791,0.078,NA,NA,2004,
North America,United States of America,US,312,0.029,NA,NA,2005,
North America,United States of America,US,214,0.196,NA,NA,2005,
North America,United States of America,US,399,0.201,NA,NA,1998,
North America,United States of America,US,10002,0.09,NA,NA,2012,
North America,United States of America,US,547,0.154,NA,NA,2012,
North America,United States of America,US,628,0.234,NA,NA,2012,
North America,United States of America,US,495,0.026,NA,NA,2012,
North America,United States of America,US,210,0.029,NA,NA,2012,
North America,United States of America,US,506,0.028,NA,NA,2012,
North America,United States of America,US,513,0.06,NA,NA,2012,
North America,United States of America,US,579,0.035,NA,NA,2012,
North America,United States of America,US,581,0.079,NA,NA,2012,
North America,United States of America,US,527,0.049,NA,NA,2012,
North America,United States of America,US,515,0.138,NA,NA,2012,
North America,United States of America,US,202,0.069,NA,NA,2012,
North America,United States of America,US,484,0.087,NA,NA,2012,
North America,United States of America,US,510,0.122,NA,NA,2012,
North America,United States of America,US,449,0.111,NA,NA,2012,
North America,United States of America,US,551,0.064,NA,NA,2012,
North America,United States of America,US,526,0.019,NA,NA,2012,
North America,United States of America,US,550,0.116,NA,NA,2012,
North America,United States of America,US,442,0.147,NA,NA,2012,
North America,United States of America,US,678,0.08,NA,NA,2012,
North America,United States of America,US,509,0.096,NA,NA,2012,
North America,United States of America,US,9581,0.04,NA,NA,2009,
North America,United States of America,US,400,0.1,NA,NA,2009,
North America,United States of America,US,469,0.08,NA,NA,2009,
North America,United States of America,US,586,0.03,NA,NA,2009,
North America,United States of America,US,521,0.03,NA,NA,2009,
North America,United States of America,US,408,0.01,NA,NA,2009,
North America,United States of America,US,505,0.03,NA,NA,2009,
North America,United States of America,US,482,0.06,NA,NA,2009,
North America,United States of America,US,542,0.04,NA,NA,2009,
North America,United States of America,US,188,0.06,NA,NA,2009,
North America,United States of America,US,593,0.03,NA,NA,2009,
North America,United States of America,US,379,0.04,NA,NA,2009,
North America,United States of America,US,504,0.06,NA,NA,2009,
North America,United States of America,US,611,0.02,NA,NA,2009,
North America,United States of America,US,478,0.06,NA,NA,2009,
North America,United States of America,US,422,0.13,NA,NA,2009,
North America,United States of America,US,469,0.01,NA,NA,2009,
North America,United States of America,US,497,0.04,NA,NA,2009,
North America,United States of America,US,950,0.088,NA,NA,2006,
North America,United States of America,US,3285,0.029,NA,NA,2003,
North America,United States of America,US,977,0.024,NA,NA,2003,
North America,United States of America,US,796,0.009,NA,NA,2003,
North America,United States of America,US,540,0.063,NA,NA,2003,
North America,United States of America,US,383,0.042,NA,NA,2003,
North America,United States of America,US,589,0.026,NA,NA,2003,
North America,United States of America,US,439,0.032,NA,NA,2010,
North America,United States of America,US,500,0.098,NA,NA,2013,
North America,United States of America,US,3511,0.1247,NA,NA,2008,
North America,United States of America,US,392,0.00001,NA,NA,2013,
North America,United States of America,US,1535,0.119,NA,NA,2010,
North America,United States of America,US,874,0.23,NA,NA,2006,
North America,United States of America,US,392,1.00E-06,NA,NA,2015,
Latin America,Uruguay,UY,1000,0.185,NA,NA,2004,
Central Asia,Uzbekistan,UZ,1000,0.073,NA,NA,2013,
East and South east Asia,Viet Nam,VN,NA,NA,NA,NA,2003,
East and South east Asia,Viet Nam,VN,1674,0.312,NA,NA,2010,
East and South east Asia,Viet Nam,VN,1434,0.348,NA,NA,2006,
East and South east Asia,Viet Nam,VN,297,0.141,0.091,0.19,2010,
East and South east Asia,Viet Nam,VN,298,0.48,0.423,0.537,2010,
East and South east Asia,Viet Nam,VN,299,0.555,0.499,0.611,2010,
East and South east Asia,Viet Nam,VN,298,0.238,0.19,0.287,2010,
East and South east Asia,Viet Nam,VN,348,0.371,0.32,0.422,2010,
East and South east Asia,Viet Nam,VN,288,0.01,0.00001,0.024,2010,
East and South east Asia,Viet Nam,VN,300,0.287,0.235,0.338,2010,
East and South east Asia,Viet Nam,VN,310,0.524,0.442,0.606,2010,
East and South east Asia,Viet Nam,VN,272,0.276,0.198,0.354,2010,
East and South east Asia,Viet Nam,VN,300,0.157,0.115,0.198,2010,
East and South east Asia,Viet Nam,VN,760,0.359,NA,NA,2007,
East and South east Asia,Viet Nam,VN,455,0.198,NA,NA,2008,
East and South east Asia,Viet Nam,VN,207,0.16,NA,NA,2011,
East and South east Asia,Viet Nam,VN,690,0.07,NA,NA,2012,
East and South east Asia,Viet Nam,VN,527,0.04,NA,NA,2013,
East and South east Asia,Viet Nam,VN,383,0.034,NA,NA,2014,
East and South east Asia,Viet Nam,VN,905,0.12,NA,NA,2011,
East and South east Asia,Viet Nam,VN,1289,0.09,NA,NA,2012,
East and South east Asia,Viet Nam,VN,1790,0.08,NA,NA,2013,
East and South east Asia,Viet Nam,VN,834,0.065,NA,NA,2014,
East and South east Asia,Viet Nam,VN,426,0.05,NA,NA,2011,
East and South east Asia,Viet Nam,VN,986,0.04,NA,NA,2012,
East and South east Asia,Viet Nam,VN,1026,0.06,NA,NA,2013,
East and South east Asia,Viet Nam,VN,708,0.086,NA,NA,2014,
East and South east Asia,Viet Nam,VN,213,0.188,NA,NA,2014,
East and South east Asia,Viet Nam,VN,374,0.103,NA,NA,2013,
East and South east Asia,Viet Nam,VN,427,0.188,NA,NA,2014,
East and South east Asia,Viet Nam,VN,530,0.371,NA,NA,2014,
East and South east Asia,Viet Nam,VN,500,0.259,NA,NA,2014,
East and South east Asia,Viet Nam,VN,432,0.435,NA,NA,2015,
East and South east Asia,Viet Nam,VN,400,0.166,NA,NA,2016,
East and South east Asia,Viet Nam,VN,420,0.25,NA,NA,2016,
East and South east Asia,Viet Nam,VN,402,0.259,NA,NA,2016,
East and South east Asia,Viet Nam,VN,499,0.309,NA,NA,2017,
East and South east Asia,Viet Nam,VN,603,0.252,NA,NA,2014,
East and South east Asia,Viet Nam,VN,302,0.268,NA,NA,2009,
East and South east Asia,Viet Nam,VN,388,0.186,NA,NA,2012,
East and South east Asia,Viet Nam,VN,342,0.46,NA,NA,2002,
East and South east Asia,Viet Nam,VN,100,0.51,NA,NA,2003,
East and South east Asia,Viet Nam,VN,340,0.46,NA,NA,2003,
East and South east Asia,Viet Nam,VN,100,0.33,NA,NA,2003,
East and South east Asia,Viet Nam,VN,327,0.43,NA,NA,2003,
East and South east Asia,Viet Nam,VN,98,0.38,NA,NA,2004,
East and South east Asia,Viet Nam,VN,335,0.37,NA,NA,2004,
East and South east Asia,Viet Nam,VN,98,0.24,NA,NA,2004,
East and South east Asia,Viet Nam,VN,333,0.32,NA,NA,2004,
East and South east Asia,Viet Nam,VN,98,0.3,NA,NA,2005,
East and South east Asia,Viet Nam,VN,336,0.27,NA,NA,2006,
East and South east Asia,Viet Nam,VN,99,0.23,NA,NA,2006,
East and South east Asia,Viet Nam,VN,330,0.27,NA,NA,2008,
East and South east Asia,Viet Nam,VN,100,0.17,NA,NA,2007,
East and South east Asia,Viet Nam,VN,334,0.23,NA,NA,2009,
East and South east Asia,Viet Nam,VN,100,0.11,NA,NA,2008,
East and South east Asia,Viet Nam,VN,100,0.15,NA,NA,2009,
East and South east Asia,Viet Nam,VN,167,0.18,NA,NA,2011,
East and South east Asia,Viet Nam,VN,639,0.42,NA,NA,2001,